metabolite	name	group	iCdG698_sim	Cd630_biolog	iCdR700_sim	CdR20291_biolog
cpd00009	Phosphate	Other	0	1	0	1
cpd00023	L-Glutamic_acid	Amino_acid	0	1	0	1
cpd00027	D-Glucose	Carbohydrate	1	1	1	1
cpd00029	Acetic_acid	Carboxylic_acid	1	1	1	1
cpd00033	Glycine	Amino_acid	1	0	1	1
cpd00035	L-Alanine	Amino_acid	1	1	1	1
cpd00036	Succinic_acid	Carboxylic_acid	1	1	1	1
cpd00039	L-Lysine	Amino_acid	1	1	1	1
cpd00041	L-Aspartic_acid	Carboxylic_acid	1	1	1	1
cpd00047	Formic_acid	Carboxylic_acid	1	1	1	1
cpd00051	L-Arginine	Amino_acid	0	1	1	1
cpd00053	L-Glutamine	Amino_acid	0	1	0	0
cpd00054	L-Serine	Amino_acid	1	1	1	1
cpd00060	L-Methionine	Amino_acid	0	1	0	1
cpd00064	L-Ornithine	Amino_acid	1	1	1	1
cpd00065	L-Tryptophan	Amino_acid	0	1	0	1
cpd00066	L-Phenylalanine	Amino_acid	1	1	1	1
cpd00069	L-Tyrosine	Amino_acid	1	1	1	0
cpd00072	D-Fructose-6-Phosphate	Carbohydrate	1	1	1	1
cpd00076	Sucrose	Carbohydrate	1	1	1	1
cpd00079	D-Glucose-6-Phosphate	Carbohydrate	1	1	1	1
cpd00080	D,L-a-Glycerol_Phosphate	Carbohydrate	1	1	1	1
cpd00082	D-Fructose	Carbohydrate	1	1	1	1
cpd00084	L-Cysteine	Amino_acid	0	1	0	1
cpd00089	D-Glucose-1-Phosphate	Carbohydrate	1	1	1	1
cpd00092	Uracil	Nucleotide	1	1	1	1
cpd00105	D-Ribose	Carbohydrate	1	1	1	1
cpd00106	Fumaric_acid	Carboxylic_acid	1	0	1	1
cpd00107	L-Leucine	Amino_acid	0	1	0	1
cpd00108	D-Galactose	Carbohydrate	1	1	1	0
cpd00117	D-Alanine	Amino_acid	1	1	1	1
cpd00119	L-Histidine	Amino_acid	1	1	1	1
cpd00122	N-Acetyl-D-Glucosamine	Carbohydrate	1	1	1	1
cpd00129	L-Proline	Amino_acid	0	1	0	1
cpd00132	L-Asparagine	Amino_acid	1	1	1	1
cpd00136	4-Hydroxybenzoic_acid	Carboxylic_acid	1	1	1	1
cpd00138	D-Mannose	Carbohydrate	1	1	1	1
cpd00139	Glycolic_acid	Carboxylic_acid	1	1	1	1
cpd00141	Propionic_acid	Carboxylic_acid	0	1	0	1
cpd00142	Acetoacetic_acid	Carboxylic_acid	1	0	1	1
cpd00154	D-Xylose	Carbohydrate	1	1	1	1
cpd00156	L-Valine	Amino_acid	0	1	0	1
cpd00158	D-Cellobiose	Carbohydrate	1	1	1	1
cpd00159	L-Lactic_acid	Carboxylic_acid	1	1	1	1
cpd00161	D-Threonine	Amino_acid	1	1	1	1
cpd00161	L-Threonine	Amino_acid	1	1	1	1
cpd00162	2-Aminoethanol	Alcohol	1	1	1	1
cpd00165	Hydroxylamine	Other	0	1	0	1
cpd00179	Maltose	Carbohydrate	1	1	1	1
cpd00182	Adenosine	Nucleotide	1	1	1	1
cpd00186	D-Glutamic_acid	Carbohydrate	0	1	0	1
cpd00207	Guanine	Nucleotide	0	1	0	1
cpd00208	D-Lactose	Carbohydrate	1	1	1	1
cpd00210	Taurine	Amino_acid	0	1	0	1
cpd00211	Butyric_acid	Carboxylic_acid	0	1	0	1
cpd00220	Riboflavin	Vitamin	0	1	0	1
cpd00226	Hypoxanthine	Nucleotide	1	1	1	1
cpd00232	N-Acetyl-Neuraminic_acid	Carbohydrate	1	1	1	1
cpd00246	Inosine	Nucleotide	1	1	1	1
cpd00274	L-Citrulline	Amino_acid	0	1	1	1
cpd00276	D-Glucosamine	Carbohydrate	1	1	1	1
cpd00277	Deoxyguanosine	Nucleotide	1	1	1	1
cpd00281	g-Amino_Butyric_acid	Carboxylic_acid	0	1	0	1
cpd00305	Thiamine	Vitamin	0	1	0	1
cpd00307	Cytosine	Nucleotide	1	1	1	1
cpd00309	Xanthine	Nucleotide	1	1	1	1
cpd00311	Guanosine	Nucleotide	1	1	1	1
cpd00314	D-Mannitol	Carbohydrate	1	1	1	1
cpd00320	D-Aspartic_acid	Carboxylic_acid	1	1	1	1
cpd00322	L-Isoleucine	Amino_acid	0	1	0	1
cpd00339	a-Amino-N-Valeric_acid	Carboxylic_acid	0	1	0	1
cpd00339	Amino_Valeric_acid	Carboxylic_acid	0	1	0	1
cpd00367	Cytidine	Nucleotide	1	1	1	1
cpd00383	Shikimic_acid	Carboxylic_acid	1	1	1	1
cpd00393	Folic_acid	Vitamin	0	1	0	1
cpd00395	L-Cysteic_acid	Amino_acid	0	1	0	1
cpd00412	Deoxyuridine	Nucleotide	1	1	1	1
cpd00424	Cystathionine	Amino_acid	1	1	1	1
cpd00438	Deoxyadenosine	Nucleotide	1	1	1	1
cpd00443	p-Amino-Benzoic_acid	Carboxylic_acid	0	1	0	1
cpd00489	m-Hydroxyphenyl_Acetic_acid	Carboxylic_acid	0	1	0	1
cpd00489	p-Hydroxyphenyl_Acetic_acid	Carboxylic_acid	0	0	0	1
cpd00492	N-Acetyl-D-Mannosamine	Carbohydrate	1	1	1	1
cpd00504	D,L-Diamino-a,e-Pimelic_acid	Carboxylic_acid	1	1	1	1
cpd00588	D-Sorbitol	Carbohydrate	1	1	1	1
cpd00637	D-Methionine	Amino_acid	0	1	0	1
cpd00644	D-Pantothenic_acid	Carboxylic_acid	0	1	0	1
cpd00654	Deoxycytidine	Nucleotide	1	1	1	1
cpd00731	D-Ala-D-Ala	Amino_acid	1	1	1	1
cpd00751	L-Fucose	Carbohydrate	0	1	0	0
cpd00794	D-Trehalose	Carbohydrate	1	1	1	1
cpd01030	Salicin	Carbohydrate	1	1	1	1
cpd03279	Deoxyinosine	Nucleotide	1	1	1	1
cpd03561	g-Hydroxybutyric_acid	Carboxylic_acid	1	1	1	1
cpd03561	Hydroxybutyric_acid	Carboxylic_acid	1	1	1	1
cpd05161	D-Melezitose	Carbohydrate	1	1	1	1
cpd11581	Gly-Asn	Amino_acid	1	1	1	1
cpd11582	Ala-Thr	Amino_acid	1	1	1	1
cpd11586	Ala-Glu	Amino_acid	1	0	1	1
cpd11588	Gly-Pro	Amino_acid	1	1	1	1
cpd11592	Gly-Glu	Amino_acid	0	1	1	1
cpd15603	Gly-Cys	Amino_acid	0	0	0	1
cpd15604	Gly-Leu	Amino_acid	0	1	1	1
cpd27607	N-Acetyl-D-Galactosamine	Carbohydrate	1	1	1	1
cpd29317	Hydroxy-L-Proline	Amino_acid	0	1	0	1
cpd29691	Gly-Gln	Amino_acid	1	1	1	1
cpd29693	Gly-Met	Amino_acid	1	1	1	1
cpd29694	Ala-Gly	Amino_acid	1	1	1	1
cpd29694	D-Ala-Gly	Amino_acid	1	1	1	1
cpd29695	Ala-Asp	Amino_acid	1	1	1	1
cpd29696	Ala-Gln	Amino_acid	1	0	1	0
cpd29697	Ala-His	Amino_acid	1	1	1	1
cpd29698	Ala-Leu	Amino_acid	1	1	1	1
cpd29698	D-Ala-Leu	Amino_acid	1	1	1	1
cpd29700	Met-Ala	Amino_acid	1	1	1	1
