gene	cefoperazone	clindamycin	streptomycin	gnotobiotic
272563.8.peg.1023|N-acetylmuramoyl-L-alanine_amidase_(EC_3.5.1.28)	0	0	0	0
272563.8.peg.1034|Phosphoserine_phosphatase_(EC_3.1.3.3)	1	2	4	0
272563.8.peg.1040|2-isopropylmalate_synthase_(EC_2.3.3.13)	0	0	0	0
272563.8.peg.1041|3-isopropylmalate_dehydratase_large_subunit_(EC_4.2.1.33)	0	0	0	0
272563.8.peg.1042|3-isopropylmalate_dehydratase_small_subunit_(EC_4.2.1.33)	0	0	1	0
272563.8.peg.1043|3-isopropylmalate_dehydrogenase_(EC_1.1.1.85)	0	2	0	0
272563.8.peg.1045|Serine--pyruvate_aminotransferase_(EC_2.6.1.51)	1	1	3	0
272563.8.peg.1046|D-3-phosphoglycerate_dehydrogenase_(EC_1.1.1.95)	0	0	4	1
272563.8.peg.1052|ABC_transporter,_ATP-binding_protein_(cluster_10,_nitrate/sulfonate/bicarbonate)	0	0	0	0
272563.8.peg.1054|Fumarate_hydratase_class_I,_alpha_region_(EC_4.2.1.2);_L(+)-tartrate_dehydratase_alpha_subunit_(EC_4.2.1.32)	1	0	0	1
272563.8.peg.1055|Fumarate_hydratase_class_I,_beta_region_(EC_4.2.1.2);_L(+)-tartrate_dehydratase_beta_subunit_(EC_4.2.1.32)	1	1	2	0
272563.8.peg.1056|NADP-dependent_malic_enzyme_(EC_1.1.1.40)	2	1	0	2
272563.8.peg.105|Adenylate_kinase_(EC_2.7.4.3)	52	39	24	172
272563.8.peg.1062|Glucosamine-6-phosphate_deaminase_(EC_3.5.99.6)	11	1	6	1
272563.8.peg.106|Methionine_aminopeptidase_(EC_3.4.11.18)	80	33	16	29
272563.8.peg.1085|UDP-N-acetylglucosamine_2-epimerase_(EC_5.1.3.14)	0	2	1	0
272563.8.peg.1086|N-acetylmuramoyl-L-alanine_amidase_(EC_3.5.1.28)	0	0	0	0
272563.8.peg.1087|N-acetylmuramoyl-L-alanine_amidase_(EC_3.5.1.28)	4	7	7	2
272563.8.peg.1088|N-acetylmuramoyl-L-alanine_amidase_(EC_3.5.1.28)	1	0	7	1
272563.8.peg.1099|N-acetylmuramoyl-L-alanine_amidase_(EC_3.5.1.28)	3	2	4	1
272563.8.peg.10|DNA_polymerase_III_beta_subunit_(EC_2.7.7.7)	9	5	1	10
272563.8.peg.1101|NAD_kinase_(EC_2.7.1.23)	2	3	5	2
272563.8.peg.1109|3-hydroxybutyryl-CoA_dehydratase_(EC_4.2.1.55)	49	72	81	8
272563.8.peg.1110|3-hydroxybutyryl-CoA_dehydrogenase_(EC_1.1.1.157)	52	51	129	7
272563.8.peg.1111|Acetyl-CoA_acetyltransferase_(EC_2.3.1.9)	63	64	130	10
272563.8.peg.1124|Transcriptional_regulator,_GntR_family_domain_/_Aspartate_aminotransferase_(EC_2.6.1.1)	1	3	2	0
272563.8.peg.1128|PTS_system,_mannose-specific_IIA_component_(EC_2.7.1.191)	1	1	1	0
272563.8.peg.1130|PTS_system,_mannose-specific_IIB_component_(EC_2.7.1.191)	0	1	2	1
272563.8.peg.1131|PTS_system,_mannose-specific_IIC_component	0	0	0	0
272563.8.peg.1132|PTS_system,_mannose-specific_IID_component	1	2	2	0
272563.8.peg.1137|PTS_system,_galactitol-specific_IIB_component_(EC_2.7.1.200)	1	1	4	1
272563.8.peg.113|DNA-directed_RNA_polymerase_alpha_subunit_(EC_2.7.7.6)	76	46	31	303
272563.8.peg.1175|Pyruvate_formate-lyase_(EC_2.3.1.54)	0	2	2	1
272563.8.peg.1176|Pyruvate_formate-lyase_activating_enzyme_(EC_1.97.1.4)	1	4	2	0
272563.8.peg.1186|Dephospho-CoA_kinase_(EC_2.7.1.24)	0	2	1	0
272563.8.peg.1191|Lactoylglutathione_lyase_(EC_4.4.1.5)	2	2	9	1
272563.8.peg.1211|Methylglyoxal_synthase_(EC_4.2.3.3)	7	13	14	5
272563.8.peg.121|N-acetylmuramoyl-L-alanine_amidase_(EC_3.5.1.28)	2	4	0	2
272563.8.peg.1224|Homoserine_dehydrogenase_(EC_1.1.1.3)	1	0	0	0
272563.8.peg.122|Aspartate_aminotransferase_(EC_2.6.1.1)	7	1	3	5
272563.8.peg.1231|Glycolate_dehydrogenase_(EC_1.1.99.14),_subunit_GlcD	38	51	24	0
272563.8.peg.1233|Acetate_kinase_(EC_2.7.2.1)	20	15	19	213
272563.8.peg.1238|3-oxoacyl-	15	7	1	4
272563.8.peg.123|Ribonucleotide_reductase_of_class_III_(anaerobic),_large_subunit_(EC_1.17.4.2)	19	15	7	7
272563.8.peg.1240|Malonyl_CoA-acyl_carrier_protein_transacylase_(EC_2.3.1.39)	18	7	2	3
272563.8.peg.1243|3-oxoacyl-	36	8	5	16
272563.8.peg.1250|Fructose-1,6-bisphosphatase,_Bacillus_type_(EC_3.1.3.11)	10	5	2	1
272563.8.peg.1264|(2E,6E)-farnesyl_diphosphate_synthase_(EC_2.5.1.10)	1	0	3	6
272563.8.peg.1266|1-deoxy-D-xylulose_5-phosphate_synthase_(EC_2.2.1.7)	2	1	1	1
272563.8.peg.1279|ADP-ribose_pyrophosphatase_(EC_3.6.1.13)	6	7	6	1
272563.8.peg.1282|Phosphopentomutase_(EC_5.4.2.7)	6	8	7	1
272563.8.peg.1283|Purine_nucleoside_phosphorylase_(EC_2.4.2.1)_@_N-Ribosylnicotinamide_phosphorylase_(EC_2.4.2.1)	1	10	6	1
272563.8.peg.1284|Pyrimidine-nucleoside_phosphorylase_(EC_2.4.2.2)	1	2	1	0
272563.8.peg.128|Phosphate_butyryltransferase_(EC_2.3.1.19)	2	12	15	1
272563.8.peg.129|Butyrate_kinase_(EC_2.7.2.7)	4	22	27	6
272563.8.peg.1312|Ribonuclease_III_(EC_3.1.26.3)	3	0	3	1
272563.8.peg.1314|Chromosome_partition_protein_smc	5	1	3	1
272563.8.peg.1339|DNA_topoisomerase_I_(EC_5.99.1.2)	3	6	4	11
272563.8.peg.1344|Cysteine_desulfurase_(EC_2.8.1.7)	11	4	6	2
272563.8.peg.1347|Alanyl-tRNA_synthetase_(EC_6.1.1.7)	6	5	6	4
272563.8.peg.135|Phosphoglucosamine_mutase_(EC_5.4.2.10)	10	12	4	3
272563.8.peg.1360|Segregation_and_condensation_protein_A	7	2	1	2
272563.8.peg.1361|Segregation_and_condensation_protein_B	6	8	1	2
272563.8.peg.1365|Cytosol_aminopeptidase_PepA_(EC_3.4.11.1)	1	1	3	0
272563.8.peg.1370|N-acetylmuramoyl-L-alanine_amidase_(EC_3.5.1.28)	4	5	4	5
272563.8.peg.1373|Transcription_termination_protein_NusA	9	8	7	22
272563.8.peg.1382|FMN_adenylyltransferase_(EC_2.7.7.2)_/_Riboflavin_kinase_(EC_2.7.1.26)	7	2	4	2
272563.8.peg.1389|Aspartokinase_(EC_2.7.2.4)	2	11	7	3
272563.8.peg.1394|CDP-diacylglycerol--glycerol-3-phosphate_3-phosphatidyltransferase_(EC_2.7.8.5)	4	2	2	1
272563.8.peg.1399|Undecaprenyl-diphosphatase_(EC_3.6.1.27)	2	6	4	2
272563.8.peg.139|UDP-N-acetylglucosamine_1-carboxyvinyltransferase_(EC_2.5.1.7)	2	7	3	19
272563.8.peg.13|DNA_gyrase_subunit_B_(EC_5.99.1.3)	11	7	5	26
272563.8.peg.1401|Adenylosuccinate_lyase_(EC_4.3.2.2)_@_SAICAR_lyase_(EC_4.3.2.2)	7	1	11	41
272563.8.peg.1403|PTS_system,_maltose_and_glucose-specific_IIC_component_/_PTS_system,_maltose_and_glucose-specific_IIB_component_(EC_2.7.1.208)	1	1	1	0
272563.8.peg.1405|Maltose-6'-phosphate_glucosidase_(EC_3.2.1.122)	1	3	0	0
272563.8.peg.1406|Alanine_transaminase_(EC_2.6.1.2)	23	65	84	11
272563.8.peg.1407|Galactose-1-phosphate_uridylyltransferase_(EC_2.7.7.10)	2	8	3	1
272563.8.peg.1411|Glutamine_synthetase,_clostridia_type_(EC_6.3.1.2)	3	5	4	4
272563.8.peg.1421|Pyridoxal_kinase_(EC_2.7.1.35)	3	1	3	1
272563.8.peg.1453|Glycerol_kinase_(EC_2.7.1.30)	1	2	2	1
272563.8.peg.1457|Allophanate_hydrolase_2_subunit_1_(EC_3.5.1.54)	1	0	0	0
272563.8.peg.1458|Allophanate_hydrolase_2_subunit_2_(EC_3.5.1.54)	4	0	2	0
272563.8.peg.146|S-adenosylmethionine_synthetase_(EC_2.5.1.6)	8	8	4	27
272563.8.peg.1472|Nicotinamidase_(EC_3.5.1.19)	2	4	6	1
272563.8.peg.1473|Glycerophosphoryl_diester_phosphodiesterase_(EC_3.1.4.46)	0	0	0	0
272563.8.peg.1479|Transcriptional_regulator,_GntR_family_domain_/_Aspartate_aminotransferase_(EC_2.6.1.1)	0	2	0	0
272563.8.peg.1481|ADP-ribose_pyrophosphatase_of_COG1058_family_(EC_3.6.1.13)_/_Nicotinamide-nucleotide_amidase_(EC_3.5.1.42)	4	0	3	1
272563.8.peg.1498|Isochorismatase_(EC_3.3.2.1)	1	0	3	0
272563.8.peg.14|DNA_gyrase_subunit_A_(EC_5.99.1.3)	13	3	6	25
272563.8.peg.1517|Para-aminobenzoate_synthase,_amidotransferase_component_(EC_2.6.1.85)	1	0	2	0
272563.8.peg.1518|Para-aminobenzoate_synthase,_aminase_component_(EC_2.6.1.85)	1	1	3	2
272563.8.peg.1519|Aminodeoxychorismate_lyase_(EC_4.1.3.38)	2	2	2	0
272563.8.peg.151|PTS_system,_cellobiose-specific_IIA_component_(EC_2.7.1.205)	3	2	2	6
272563.8.peg.1521|GTP_cyclohydrolase_I_(EC_3.5.4.16)_type_1	4	6	3	1
272563.8.peg.1522|Dihydropteroate_synthase_(EC_2.5.1.15)	7	4	2	1
272563.8.peg.1523|Dihydroneopterin_aldolase_(EC_4.1.2.25)	2	5	7	2
272563.8.peg.1524|2-amino-4-hydroxy-6-hydroxymethyldihydropteridine_pyrophosphokinase_(EC_2.7.6.3)	9	2	3	2
272563.8.peg.1525|2-keto-3-deoxy-D-arabino-heptulosonate-7-phosphate_synthase_I_beta_(EC_2.5.1.54)	16	5	2	2
272563.8.peg.1527|RNA_polymerase_sigma_factor_RpoD	7	13	7	24
272563.8.peg.152|PTS_system,_cellobiose-specific_IIB_component_(EC_2.7.1.205)	4	6	6	1
272563.8.peg.153|PTS_system,_cellobiose-specific_IIC_component	5	3	9	1
272563.8.peg.1551|Ferrous_iron_transporter_FeoB	1	1	2	0
272563.8.peg.1554|Alkanesulfonates_transport_system_permease_protein	1	3	2	0
272563.8.peg.1555|ABC_transporter,_ATP-binding_protein_(cluster_1,_maltose/g3p/polyamine/iron);_ABC_transporter,_ATP-binding_protein_(cluster_10,_nitrate/sulfonate/bicarbonate)	3	1	4	0
272563.8.peg.1556|ABC_transporter,_substrate-binding_protein_(cluster_10,_nitrate/sulfonate/bicarbonate)	11	13	22	1
272563.8.peg.1562|Methionine_ABC_transporter_permease_protein	0	2	2	0
272563.8.peg.1563|Methionine_ABC_transporter_substrate-binding_protein	1	1	3	1
272563.8.peg.1567|Pyrroline-5-carboxylate_reductase_(EC_1.5.1.2)	8	4	7	5
272563.8.peg.1570|RNA_polymerase_sigma_factor_RpoD	11	7	20	7
272563.8.peg.1574|Deoxyribose-phosphate_aldolase_(EC_4.1.2.4)	2	2	0	1
272563.8.peg.1586|Pantoate--beta-alanine_ligase_(EC_6.3.2.1)	0	0	3	1
272563.8.peg.1587|3-methyl-2-oxobutanoate_hydroxymethyltransferase_(EC_2.1.2.11)	1	1	2	1
272563.8.peg.1593|Ferrous_iron_transporter_FeoB	1	35	2	2
272563.8.peg.1597|Tyrosyl-tRNA_synthetase_(EC_6.1.1.1)	12	5	6	4
272563.8.peg.1602|Dihydroorotase_(EC_3.5.2.3)	7	5	6	0
272563.8.peg.1610|Gamma-glutamyltranspeptidase_(EC_2.3.2.2)_@_Glutathione_hydrolase_(EC_3.4.19.13)	2	1	4	0
272563.8.peg.1623|ATP_phosphoribosyltransferase_regulatory_subunit_(EC_2.4.2.17)	1	0	0	0
272563.8.peg.1625|Histidinol-phosphate_aminotransferase_(EC_2.6.1.9)	2	0	1	1
272563.8.peg.1626|Imidazoleglycerol-phosphate_dehydratase_(EC_4.2.1.19)	1	0	0	1
272563.8.peg.1628|Phosphoribosylformimino-5-aminoimidazole_carboxamide_ribotide_isomerase_(EC_5.3.1.16)	3	0	0	1
272563.8.peg.1629|Imidazole_glycerol_phosphate_synthase_cyclase_subunit	0	0	3	1
272563.8.peg.1630|Phosphoribosyl-AMP_cyclohydrolase_(EC_3.5.4.19)_/_Phosphoribosyl-ATP_pyrophosphatase_(EC_3.6.1.31)	1	0	0	1
272563.8.peg.1641|Acetolactate_synthase_large_subunit_(EC_2.2.1.6)	0	1	1	0
272563.8.peg.1645|Lysophospholipase_L2_(EC_3.1.1.5)	0	0	1	0
272563.8.peg.1647|Lysophospholipase_(EC_3.1.1.5);_Monoglyceride_lipase_(EC_3.1.1.23)	0	2	0	1
272563.8.peg.164|Substrate-specific_component_RibU_of_riboflavin_ECF_transporter	10	4	6	7
272563.8.peg.1652|Phosphomannomutase_(EC_5.4.2.8)	5	7	12	4
272563.8.peg.1655|Homoserine_dehydrogenase_(EC_1.1.1.3)	0	0	0	0
272563.8.peg.1657|Histidinol_dehydrogenase_(EC_1.1.1.23)	1	0	0	1
272563.8.peg.1667|Potassium-transporting_ATPase_A_chain_(EC_3.6.3.12)_(TC_3.A.3.7.1)	0	0	0	0
272563.8.peg.1668|Potassium-transporting_ATPase_B_chain_(EC_3.6.3.12)_(TC_3.A.3.7.1)	0	0	0	0
272563.8.peg.1669|Potassium-transporting_ATPase_C_chain_(EC_3.6.3.12)_(TC_3.A.3.7.1)	0	0	0	0
272563.8.peg.1670|Cysteine_synthase_(EC_2.5.1.47)	0	4	0	0
272563.8.peg.1671|Serine_acetyltransferase_(EC_2.3.1.30)	1	1	0	0
272563.8.peg.1673|Methionine_aminopeptidase_(EC_3.4.11.18)	3	2	1	1
272563.8.peg.1676|Hydroxymethylpyrimidine_phosphate_kinase_ThiD_(EC_2.7.4.7)	1	0	0	0
272563.8.peg.1677|Hydroxyethylthiazole_kinase_(EC_2.7.1.50)	0	0	0	0
272563.8.peg.1678|Thiamin-phosphate_pyrophosphorylase_(EC_2.5.1.3)	1	0	2	1
272563.8.peg.1679|PTS_system,_cellobiose-specific_IIB_component_(EC_2.7.1.205)	1	2	2	0
272563.8.peg.1708|Superoxide_dismutase	0	2	1	0
272563.8.peg.1714|Lead,_cadmium,_zinc_and_mercury_transporting_ATPase_(EC_3.6.3.3)_(EC_3.6.3.5);_Copper-translocating_P-type_ATPase_(EC_3.6.3.4)	12	13	16	3
272563.8.peg.1724|Iron_compound_ABC_uptake_transporter_permease_protein	0	0	0	0
272563.8.peg.1725|Iron_compound_ABC_uptake_transporter_permease_protein	0	0	0	0
272563.8.peg.1726|Iron_compound_ABC_uptake_transporter_ATP-binding_protein	1	0	0	0
272563.8.peg.1727|Iron_compound_ABC_uptake_transporter_substrate-binding_protein	0	0	0	0
272563.8.peg.1730|Methionine_ABC_transporter_substrate-binding_protein	0	0	6	1
272563.8.peg.1731|Lipoate-protein_ligase_A	3	1	3	1
272563.8.peg.1732|Na+/H+_antiporter	3	2	2	1
272563.8.peg.1734|Aminomethyltransferase_(glycine_cleavage_system_T_protein)_(EC_2.1.2.10)_/_Glycine_dehydrogenase	1	2	10	0
272563.8.peg.1735|Glycine_dehydrogenase	2	5	13	0
272563.8.peg.1740|Guanine_deaminase_(EC_3.5.4.3)	1	2	0	1
272563.8.peg.1743|membrane-anchoring_domain_/_Glycerophosphoryl_diester_phosphodiesterase_(EC_3.1.4.46)	0	0	0	0
272563.8.peg.1744|Galactoside_O-acetyltransferase_(EC_2.3.1.18)	2	1	0	0
272563.8.peg.1768|Thioredoxin	9	20	18	10
272563.8.peg.1769|Thioredoxin_reductase_(EC_1.8.1.9)	21	24	21	4
272563.8.peg.1774|Sodium:alanine_symporter_family_protein	4	3	2	2
272563.8.peg.1775|6,7-dimethyl-8-ribityllumazine_synthase_(EC_2.5.1.78)	14	0	0	3
272563.8.peg.1776|3,4-dihydroxy-2-butanone_4-phosphate_synthase_(EC_4.1.99.12)_/_GTP_cyclohydrolase_II_(EC_3.5.4.25)	17	0	1	3
272563.8.peg.1777|Riboflavin_synthase_eubacterial/eukaryotic_(EC_2.5.1.9)	11	0	0	1
272563.8.peg.1778|Diaminohydroxyphosphoribosylaminopyrimidine_deaminase_(EC_3.5.4.26)_/_5-amino-6-(5-phosphoribosylamino)uracil_reductase_(EC_1.1.1.193)	12	0	0	1
272563.8.peg.1781|Sulfur_carrier_protein_ThiS	0	0	1	0
272563.8.peg.1782|Sulfur_carrier_protein_ThiS_/_Sulfur_carrier_protein_ThiS_adenylyltransferase_(EC_2.7.7.73)	0	0	0	0
272563.8.peg.1786|Arginine/ornithine_antiporter_ArcD	0	6	1	1
272563.8.peg.1796|Cytosine/purine/uracil/thiamine/allantoin_permease_family_protein	0	1	1	1
272563.8.peg.1810|Sodium-dependent_phosphate_transporter	0	0	1	1
272563.8.peg.1815|5-methyltetrahydrofolate--homocysteine_methyltransferase_(EC_2.1.1.13)	2	0	0	0
272563.8.peg.1830|Sodium/glutamate_symporter	0	0	0	0
272563.8.peg.1831|Adenosine_deaminase_(EC_3.5.4.4)	0	0	1	0
272563.8.peg.1842|Peptide_deformylase_(EC_3.5.1.88)	1	1	0	0
272563.8.peg.1852|ADP-ribose_pyrophosphatase_(EC_3.6.1.13)	4	4	4	2
272563.8.peg.1855|NAD-dependent_glyceraldehyde-3-phosphate_dehydrogenase_(EC_1.2.1.12)	0	2	0	2
272563.8.peg.1873|Argininosuccinate_synthase_(EC_6.3.4.5)	2	1	2	1
272563.8.peg.1881|L-threonine_3-dehydrogenase_(EC_1.1.1.103)	5	8	2	1
272563.8.peg.1886|NADH_dehydrogenase_(EC_1.6.99.3)	45	42	50	1
272563.8.peg.1895|Fructokinase_(EC_2.7.1.4)	1	0	0	0
272563.8.peg.1897|Diaminopimelate_decarboxylase_(EC_4.1.1.20)	0	0	1	0
272563.8.peg.1904|Phosphoglycerate_mutase_(EC_5.4.2.11)	4	1	3	3
272563.8.peg.1906|Cytidylate_kinase_(EC_2.7.4.25)	4	1	1	1
272563.8.peg.1908|4-hydroxy-3-methylbut-2-enyl_diphosphate_reductase_(EC_1.17.7.4)	3	6	2	1
272563.8.peg.1910|Adenine_deaminase_(EC_3.5.4.2)	0	0	0	0
272563.8.peg.1912|Adenine_deaminase_(EC_3.5.4.2)	2	0	2	0
272563.8.peg.1916|O-acetylhomoserine_sulfhydrylase_(EC_2.5.1.49)_@_O-succinylhomoserine_sulfhydrylase_(EC_2.5.1.48)	3	2	0	1
272563.8.peg.1917|Homoserine_O-succinyltransferase_(EC_2.3.1.46)	2	2	1	0
272563.8.peg.1922|Magnesium_and_cobalt_transport_protein_CorA	0	5	2	0
272563.8.peg.1923|2-keto-3-deoxy-D-arabino-heptulosonate-7-phosphate_synthase_I_beta_(EC_2.5.1.54)	1	1	1	2
272563.8.peg.1924|3-dehydroquinate_synthase_(EC_4.2.3.4)	0	0	0	2
272563.8.peg.1925|3-phosphoshikimate_1-carboxyvinyltransferase_(EC_2.5.1.19)	1	1	1	2
272563.8.peg.1926|Chorismate_synthase_(EC_4.2.3.5)	0	1	0	1
272563.8.peg.1927|Chorismate_mutase_I_(EC_5.4.99.5)_/_Prephenate_dehydratase_(EC_4.2.1.51)	2	1	1	0
272563.8.peg.1928|Shikimate_5-dehydrogenase_I_alpha_(EC_1.1.1.25)	0	0	0	2
272563.8.peg.1929|Shikimate_kinase_I_(EC_2.7.1.71)	0	1	0	1
272563.8.peg.1930|Prephenate_and/or_arogenate_dehydrogenase_(unknown_specificity)_(EC_1.3.1.12)(EC_1.3.1.43)	1	0	0	2
272563.8.peg.194|Nitrite_reductase_probable_electron_transfer_4Fe-S_subunit_(EC_1.7.1.4)	20	34	45	1
272563.8.peg.195|Nitrite_reductase_probable	30	28	59	2
272563.8.peg.196|Cyclopropane-fatty-acyl-phospholipid_synthase_(EC_2.1.1.79)	7	4	2	2
272563.8.peg.198|NAD-specific_glutamate_dehydrogenase_(EC_1.4.1.2)	24	53	80	4
272563.8.peg.1993|N-acetylmuramoyl-L-alanine_amidase	2	9	2	0
272563.8.peg.1994|dCMP_deaminase_(EC_3.5.4.12)_@_Late_competence_protein_ComEB	1	0	1	0
272563.8.peg.2009|Ethanolamine_ammonia-lyase_heavy_chain_(EC_4.3.1.7)	7	0	1	8
272563.8.peg.2010|Ethanolamine_ammonia-lyase_light_chain_(EC_4.3.1.7)	3	0	2	8
272563.8.peg.2013|Acetaldehyde_dehydrogenase_(EC_1.2.1.10)_@_Acetaldehyde_dehydrogenase_(EC_1.2.1.10),_ethanolamine_utilization_cluster	5	0	1	9
272563.8.peg.2020|Ethanolamine_permease	4	0	0	4
272563.8.peg.2022|2-isopropylmalate_synthase_(EC_2.3.3.13)	0	0	0	0
272563.8.peg.202|Aspartate_carbamoyltransferase_(EC_2.1.3.2)	2	2	0	14
272563.8.peg.2032|Acetyl-coenzyme_A_carboxyl_transferase_alpha_chain_(EC_6.4.1.2)	19	12	6	1
272563.8.peg.2033|Acetyl-coenzyme_A_carboxyl_transferase_beta_chain_(EC_6.4.1.2)	24	8	7	1
272563.8.peg.2034|Biotin_carboxylase_of_acetyl-CoA_carboxylase_(EC_6.3.4.14)	27	8	10	1
272563.8.peg.2035|Biotin_carboxyl_carrier_protein_of_acetyl-CoA_carboxylase	21	12	7	2
272563.8.peg.205|Orotate_phosphoribosyltransferase_(EC_2.4.2.10)	9	2	1	9
272563.8.peg.206|2-dehydropantoate_2-reductase_(EC_1.1.1.169)	0	1	2	0
272563.8.peg.2071|tRNA_dimethylallyltransferase_(EC_2.5.1.75)	3	5	1	1
272563.8.peg.2085|Substrate-specific_component_TrpP_of_tryptophan_ECF_transporter	4	7	0	0
272563.8.peg.2117|Dihydroxy-acid_dehydratase_(EC_4.2.1.9)	0	3	1	0
272563.8.peg.2133|Aspartate_racemase_(EC_5.1.1.13)	2	7	3	1
272563.8.peg.2135|Ornithine_carbamoyltransferase_(EC_2.1.3.3)	0	0	0	0
272563.8.peg.2136|N-acetylornithine_aminotransferase_(EC_2.6.1.11)	0	0	0	0
272563.8.peg.2137|N-acetylglutamate_kinase_(EC_2.7.2.8)	0	0	0	0
272563.8.peg.2138|Glutamate_N-acetyltransferase_(EC_2.3.1.35)_@_N-acetylglutamate_synthase_(EC_2.3.1.1)	0	0	0	0
272563.8.peg.2139|N-acetyl-gamma-glutamyl-phosphate_reductase_(EC_1.2.1.38)	0	0	0	0
272563.8.peg.2144|Cytidylate_kinase_(EC_2.7.4.25)	0	0	0	0
272563.8.peg.2156|LSU_rRNA_pseudouridine(2605)_synthase_(EC_5.4.99.22)	0	0	0	1
272563.8.peg.2160|Diaminopimelate_decarboxylase_(EC_4.1.1.20)	0	2	0	1
272563.8.peg.2161|Aspartokinase_(EC_2.7.2.4)	0	0	3	0
272563.8.peg.217|2',3'-cyclic-nucleotide_2'-phosphodiesterase_(EC_3.1.4.16)	4	3	1	3
272563.8.peg.2181|Xanthine_dehydrogenase,_FAD_binding_subunit_(EC_1.17.1.4)	0	0	0	0
272563.8.peg.2182|Xanthine_permease	0	1	0	0
272563.8.peg.2183|Chromosome_partition_protein_smc	2	4	2	0
272563.8.peg.2187|Xanthine_dehydrogenase,_FAD_binding_subunit_(EC_1.17.1.4)	0	0	0	0
272563.8.peg.2188|Xanthine_dehydrogenase_iron-sulfur_subunit_(EC_1.17.1.4)	1	0	0	0
272563.8.peg.2189|Guanine_deaminase_(EC_3.5.4.3);_Hydroxydechloroatrazine_ethylaminohydrolase_(EC_3.5.99.3)	0	0	0	0
272563.8.peg.2190|Dihydropyrimidinase_(EC_3.5.2.2)_@_D-hydantoinase_(EC_3.5.2.2)	0	0	1	0
272563.8.peg.2194|Xanthine_dehydrogenase,_molybdenum_binding_subunit_(EC_1.17.1.4)	0	1	0	0
272563.8.peg.2195|Xanthine_dehydrogenase_iron-sulfur_subunit_(EC_1.17.1.4)	1	0	0	0
272563.8.peg.2197|Xanthine_permease	0	1	0	0
272563.8.peg.2198|Xanthine_permease	0	0	1	0
272563.8.peg.2215|Xanthine/uracil/thiamine/ascorbate_permease_family_protein	3	5	4	2
272563.8.peg.2218|Transaldolase_(EC_2.2.1.2)	4	4	1	4
272563.8.peg.2223|Copper-translocating_P-type_ATPase_(EC_3.6.3.4)	0	1	2	1
272563.8.peg.2227|Thioredoxin_reductase_(EC_1.8.1.9)	1	0	4	1
272563.8.peg.2229|Threonine_synthase_(EC_4.2.3.1)	2	0	5	0
272563.8.peg.2230|Homoserine_kinase_(EC_2.7.1.39)	2	3	4	0
272563.8.peg.2243|1-deoxy-D-xylulose_5-phosphate_reductoisomerase_(EC_1.1.1.267)	3	3	1	5
272563.8.peg.2247|Phosphatidate_cytidylyltransferase_(EC_2.7.7.41)	6	0	3	4
272563.8.peg.2248|Undecaprenyl_diphosphate_synthase_(EC_2.5.1.31)	11	2	6	3
272563.8.peg.224|PTS_system,_fructose-specific_IIA_component_(EC_2.7.1.202)	1	3	3	0
272563.8.peg.225|PTS_system,_fructose-specific_IIC_component	0	7	3	0
272563.8.peg.226|PTS_system,_fructose-specific_IIB_component_(EC_2.7.1.202)	0	4	6	0
272563.8.peg.2278|L-lactate_dehydrogenase_(EC_1.1.1.27)	4	8	7	1
272563.8.peg.2282|Hydroxylamine_reductase_(EC_1.7.99.1)	1	2	1	0
272563.8.peg.2286|Proton/sodium-glutamate_symport_protein	29	2	5	6
272563.8.peg.2299|N-acetylmuramoyl-L-alanine_amidase	0	7	0	0
272563.8.peg.229|Choline-phosphate_cytidylyltransferase_(EC_2.7.7.15)	4	3	1	1
272563.8.peg.22|Seryl-tRNA_synthetase_(EC_6.1.1.11)	7	7	11	38
272563.8.peg.2302|N-acetylmuramoyl-L-alanine_amidase_(EC_3.5.1.28)	0	2	2	0
272563.8.peg.2303|Maltose_phosphorylase_(EC_2.4.1.8)	3	0	2	0
272563.8.peg.2304|Beta-phosphoglucomutase_(EC_5.4.2.6)	4	1	3	0
272563.8.peg.2306|Histidinol-phosphatase_(EC_3.1.3.15)	1	0	1	0
272563.8.peg.2315|Biosynthetic_Aromatic_amino_acid_aminotransferase_beta_(EC_2.6.1.57)	0	0	0	0
272563.8.peg.2316|Lactose_permease	0	0	0	0
272563.8.peg.2321|Aldehyde_dehydrogenase_(EC_1.2.1.3)	1	1	0	0
272563.8.peg.2333|3-dehydroquinate_dehydratase_I_(EC_4.2.1.10)	1	2	0	1
272563.8.peg.2351|N-acetylmannosamine_kinase_(EC_2.7.1.60)	5	0	3	0
272563.8.peg.2355|N-acetylneuraminate_lyase_(EC_4.1.3.3)	12	1	15	99
272563.8.peg.2356|N-acetylmannosamine-6-phosphate_2-epimerase_(EC_5.1.3.9)	2	0	7	4
272563.8.peg.2360|Asparaginyl-tRNA_synthetase_(EC_6.1.1.22)	7	2	0	44
272563.8.peg.2369|Transcriptional_regulator,_GntR_family_domain_/_Aspartate_aminotransferase_(EC_2.6.1.1)	0	0	1	0
272563.8.peg.2370|Aspartate_racemase_(EC_5.1.1.13)	0	0	0	0
272563.8.peg.237|Phosphoribosylaminoimidazole-succinocarboxamide_synthase_(EC_6.3.2.6)	4	3	1	2
272563.8.peg.2383|PTS_system,_fructose-specific_IIA_component_(EC_2.7.1.202)_/_PTS_system,_fructose-specific_IIB_component_(EC_2.7.1.202)_/_PTS_system,_fructose-specific_IIC_component	3	2	22	2
272563.8.peg.2384|1-phosphofructokinase_(EC_2.7.1.56)	1	2	18	0
272563.8.peg.238|Amidophosphoribosyltransferase_(EC_2.4.2.14)	3	1	3	2
272563.8.peg.2392|L-ribulose-5-phosphate_4-epimerase_(EC_5.1.3.4)	0	1	0	0
272563.8.peg.2393|Galactitol-1-phosphate_5-dehydrogenase_(EC_1.1.1.251)	0	2	0	0
272563.8.peg.2394|PTS_system,_galactitol-specific_IIC_component	0	1	0	0
272563.8.peg.2395|PTS_system,_galactitol-specific_IIB_component_(EC_2.7.1.200)	0	2	2	0
272563.8.peg.2396|PTS_system,_galactitol-specific_IIA_component_(EC_2.7.1.200)	0	1	1	0
272563.8.peg.239|Phosphoribosylformylglycinamidine_cyclo-ligase_(EC_6.3.3.1)	6	4	1	1
272563.8.peg.2400|Transcriptional_regulator,_GntR_family_domain_/_Aspartate_aminotransferase_(EC_2.6.1.1)	0	3	2	0
272563.8.peg.240|Phosphoribosylglycinamide_formyltransferase_(EC_2.1.2.2)	8	2	1	1
272563.8.peg.241|IMP_cyclohydrolase_(EC_3.5.4.10)_/_Phosphoribosylaminoimidazolecarboxamide_formyltransferase_(EC_2.1.2.3)	4	4	3	2
272563.8.peg.242|Phosphoribosylamine--glycine_ligase_(EC_6.3.4.13)	3	4	3	2
272563.8.peg.2436|Ribulose-phosphate_3-epimerase_(EC_5.1.3.1)	3	0	7	1
272563.8.peg.2438|Transketolase,_C-terminal_section_(EC_2.2.1.1)	24	17	53	4
272563.8.peg.2439|Transketolase,_N-terminal_section_(EC_2.2.1.1)	15	10	23	5
272563.8.peg.243|Phosphoribosylformylglycinamidine_synthase,_synthetase_subunit_(EC_6.3.5.3)_/_Phosphoribosylformylglycinamidine_synthase,_glutamine_amidotransferase_subunit_(EC_6.3.5.3)	9	5	6	1
272563.8.peg.2440|Galactitol-1-phosphate_5-dehydrogenase_(EC_1.1.1.251)	5	5	30	0
272563.8.peg.2441|Galactitol-1-phosphate_5-dehydrogenase_(EC_1.1.1.251)	3	5	27	0
272563.8.peg.2442|PTS_system,_galactitol-specific_IIC_component	5	13	42	0
272563.8.peg.2443|PTS_system,_galactitol-specific_IIB_component_(EC_2.7.1.200)	3	4	16	0
272563.8.peg.2444|PTS_system,_galactitol-specific_IIA_component_(EC_2.7.1.200)	3	1	23	0
272563.8.peg.2446|Transaldolase_(EC_2.2.1.2)	11	11	6	4
272563.8.peg.2447|Xanthine_phosphoribosyltransferase_(EC_2.4.2.22)	5	1	1	1
272563.8.peg.2448|Mannitol-1-phosphate_5-dehydrogenase_(EC_1.1.1.17)	36	1	26	8
272563.8.peg.2449|PTS_system,_mannitol-specific_IIA_component_(EC_2.7.1.197)	28	1	10	11
272563.8.peg.2450|Mannitol_operon_activator,_BglG_family_/_PTS_system,_mannitol-specific_IIB_component_(EC_2.7.1.197)	20	0	12	3
272563.8.peg.2451|PTS_system,_mannitol-specific_IIC_component_/_PTS_system,_mannitol-specific_IIB_component_(EC_2.7.1.197)	22	1	8	5
272563.8.peg.2452|Inosine-5'-monophosphate_dehydrogenase_(EC_1.1.1.205)_/_CBS_domain	19	11	7	5
272563.8.peg.2455|NAD-dependent_4-hydroxybutyrate_dehydrogenase_(EC_1.1.1.61)	19	28	32	0
272563.8.peg.2456|4-hydroxybutyrate_coenzyme_A_transferase	6	16	12	0
272563.8.peg.2458|4-hydroxybutanoyl-CoA_dehydratase_(EC_4.2.1.120)_/_Vinylacetyl-CoA_Delta-isomerase_(EC_5.3.3.3)	6	24	22	0
272563.8.peg.2464|Aminopeptidase_YpdF_(MP-,_MA-,_MS-,_AP-,_NP-_specific)	2	1	5	0
272563.8.peg.2470|Thioredoxin	40	47	56	7
272563.8.peg.2471|Thioredoxin_reductase_(EC_1.8.1.9)	33	42	45	2
272563.8.peg.2482|Alkanesulfonates-binding_protein	8	14	10	5
272563.8.peg.2487|Quinolinate_phosphoribosyltransferase	1	1	0	0
272563.8.peg.2488|L-aspartate_oxidase_(EC_1.4.3.16)	0	0	0	0
272563.8.peg.2489|Quinolinate_synthetase_(EC_2.5.1.72)	0	0	2	0
272563.8.peg.2496|Butyrate_kinase_(EC_2.7.2.7)	17	54	31	1
272563.8.peg.2499|Biosynthetic_Aromatic_amino_acid_aminotransferase_alpha_(EC_2.6.1.57)_@_Aspartate_aminotransferase_(EC_2.6.1.1)	6	40	37	0
272563.8.peg.24|DNA_polymerase_III_subunits_gamma_and_tau_(EC_2.7.7.7)	4	5	1	3
272563.8.peg.2520|N-acetylmuramoyl-L-alanine_amidase	2	3	2	6
272563.8.peg.2521|Deoxyuridine_5'-triphosphate_nucleotidohydrolase_(EC_3.6.1.23)	0	2	1	1
272563.8.peg.2528|Pyruvate,phosphate_dikinase_(EC_2.7.9.1)	9	28	2	5
272563.8.peg.2531|Homoserine_dehydrogenase_(EC_1.1.1.3);_Sorbitol-6-phosphate_2-dehydrogenase_(EC_1.1.1.140)	0	1	0	0
272563.8.peg.2532|PTS_system,_glucitol/sorbitol-specific_IIA_component_(EC_2.7.1.198)	0	0	0	0
272563.8.peg.2536|PTS_system,_glucitol/sorbitol-specific_IIC_component	0	0	0	0
272563.8.peg.2550|Ferredoxin--sulfite_reductase_(EC_1.8.7.1)	0	2	2	0
272563.8.peg.2551|Glycyl-tRNA_synthetase_beta_chain_(EC_6.1.1.14)	7	15	10	6
272563.8.peg.2552|Glycyl-tRNA_synthetase_alpha_chain_(EC_6.1.1.14)	15	5	10	38
272563.8.peg.2558|Cytidine_deaminase_(EC_3.5.4.5)	4	5	4	1
272563.8.peg.2559|Diacylglycerol_kinase_(EC_2.7.1.107)	2	4	3	0
272563.8.peg.2568|Bis(5'-nucleosyl)-tetraphosphatase_(asymmetrical)_(EC_3.6.1.17)	10	17	12	1
272563.8.peg.2586|Oxygen-independent_coproporphyrinogen-III_oxidase-like_protein_YggW	1	0	0	0
272563.8.peg.2588|CCA_tRNA_nucleotidyltransferase_(EC_2.7.7.72)	0	2	1	0
272563.8.peg.2596|DNA_polymerase_III_delta_subunit_(EC_2.7.7.7)	5	0	0	1
272563.8.peg.2606|Aspartate_aminotransferase_(EC_2.6.1.1)	0	0	2	0
272563.8.peg.2607|Aminopeptidase_YpdF_(MP-,_MA-,_MS-,_AP-,_NP-_specific)	0	0	0	1
272563.8.peg.2613|Mannose-6-phosphate_isomerase_(EC_5.3.1.8)	3	4	1	2
272563.8.peg.2617|Selenide,water_dikinase_(EC_2.7.9.3)_@_selenocysteine-containing	1	1	1	1
272563.8.peg.2622|Argininosuccinate_lyase_(EC_4.3.2.1)	1	3	0	0
272563.8.peg.2624|Biosynthetic_Aromatic_amino_acid_aminotransferase_beta_(EC_2.6.1.57)	0	3	4	0
272563.8.peg.2631|Maltose-6'-phosphate_glucosidase_(EC_3.2.1.122)	0	3	1	0
272563.8.peg.2632|PTS_system,_maltose_and_glucose-specific_IIC_component_/_PTS_system,_maltose_and_glucose-specific_IIB_component_(EC_2.7.1.208)	0	2	0	0
272563.8.peg.2634|PTS_system,_glucose-specific_IIA_component_(EC_2.7.1.199)	0	4	0	0
272563.8.peg.2636|Threonine_dehydratase,_catabolic_(EC_4.3.1.19)_@_L-serine_dehydratase,_(PLP)-dependent_(EC_4.3.1.17)	15	23	21	61
272563.8.peg.2638|L-asparaginase_(EC_3.5.1.1)	5	6	10	4
272563.8.peg.2644|Leucyl-tRNA_synthetase_(EC_6.1.1.4)	8	11	9	18
272563.8.peg.2647|Nicotinate-nucleotide_adenylyltransferase_(EC_2.7.7.18)	3	1	2	3
272563.8.peg.2660|5'-nucleotidase_(EC_3.1.3.5)	0	0	1	0
272563.8.peg.2663|Pyridine_nucleotide-disulfide_oxidoreductase;_NADH_dehydrogenase_(EC_1.6.99.3)	0	0	0	1
272563.8.peg.2680|Phosphopantetheine_adenylyltransferase_(EC_2.7.7.3)	1	0	2	1
272563.8.peg.2693|Mannosylglycerate_hydrolase_(EC_3.2.1.170)	1	3	4	0
272563.8.peg.2697|5'-methylthioadenosine_nucleosidase_(EC_3.2.2.16)_@_S-adenosylhomocysteine_nucleosidase_(EC_3.2.2.9)	1	0	2	0
272563.8.peg.2698|Thiamin_pyrophosphokinase_(EC_2.7.6.2)	12	5	3	3
272563.8.peg.2699|Ribulose-phosphate_3-epimerase_(EC_5.1.3.1)	4	4	3	6
272563.8.peg.2708|Methionyl-tRNA_formyltransferase_(EC_2.1.2.9)	5	0	3	3
272563.8.peg.2709|Peptide_deformylase_(EC_3.5.1.88)	0	3	3	18
272563.8.peg.2710|Helicase_PriA_essential_for_oriC/DnaA-independent_DNA_replication	2	2	1	1
272563.8.peg.2711|Phosphopantothenoylcysteine_decarboxylase_(EC_4.1.1.36)_/_Phosphopantothenoylcysteine_synthetase_(EC_6.3.2.5)	7	5	4	3
272563.8.peg.2713|Guanylate_kinase_(EC_2.7.4.8)	4	3	3	2
272563.8.peg.2715|Diaminopimelate_epimerase_(EC_5.1.1.7)	2	1	2	1
272563.8.peg.2716|Low-specificity_L-threonine_aldolase_(EC_4.1.2.48)	7	7	8	0
272563.8.peg.2719|Uracil_permease	0	1	0	3
272563.8.peg.2720|Pyrimidine_operon_regulatory_protein_PyrR	1	2	2	1
272563.8.peg.2721|LSU_rRNA_pseudouridine(1911/1915/1917)_synthase_(EC_5.4.99.23)	0	3	0	4
272563.8.peg.2733|Tryptophanyl-tRNA_synthetase_(EC_6.1.1.2)	14	7	1	3
272563.8.peg.2734|5'-methylthioadenosine_nucleosidase_(EC_3.2.2.16)_@_S-adenosylhomocysteine_nucleosidase_(EC_3.2.2.9)	5	4	0	2
272563.8.peg.2736|Aminopeptidase_YpdF_(MP-,_MA-,_MS-,_AP-,_NP-_specific)	54	48	34	12
272563.8.peg.2741|Isoleucyl-tRNA_synthetase_(EC_6.1.1.5)	13	15	14	22
272563.8.peg.2754|Glycerol-3-phosphate_dehydrogenase	7	2	7	4
272563.8.peg.2775|UDP-N-acetylglucosamine--N-acetylmuramyl-(pentapeptide)_pyrophosphoryl-undecaprenol_N-acetylglucosamine_transferase_(EC_2.4.1.227)	4	6	12	3
272563.8.peg.2777|UDP-N-acetylmuramoyl-L-alanine--D-glutamate_ligase_(EC_6.3.2.9)	10	5	6	1
272563.8.peg.2778|Phospho-N-acetylmuramoyl-pentapeptide-transferase_(EC_2.7.8.13)	9	4	2	1
272563.8.peg.2790|PTS_system,_glucose-specific_IIC_component_/_PTS_system,_glucose-specific_IIB_component_(EC_2.7.1.199)_/_PTS_system,_glucose-specific_IIA_component_(EC_2.7.1.199)	0	0	0	0
272563.8.peg.2791|PTS_system,_glucose-specific_IIC_component_/_PTS_system,_glucose-specific_IIB_component_(EC_2.7.1.199)_/_PTS_system,_glucose-specific_IIA_component_(EC_2.7.1.199)	0	1	0	0
272563.8.peg.2793|Na+/H+_antiporter	4	4	4	3
272563.8.peg.2794|Oligopeptide_ABC_transporter,_ATP-binding_protein_OppF_(TC_3.A.1.5.1)	1	2	1	4
272563.8.peg.2795|Oligopeptide_ABC_transporter,_ATP-binding_protein_OppD_(TC_3.A.1.5.1)	0	2	0	2
272563.8.peg.2796|Oligopeptide_ABC_transporter,_substrate-binding_protein_OppA_(TC_3.A.1.5.1)	4	17	6	12
272563.8.peg.2798|Oligopeptide_ABC_transporter,_permease_protein_OppC_(TC_3.A.1.5.1)	2	2	1	0
272563.8.peg.2800|Acetyl-CoA_acetyltransferase_(EC_2.3.1.9)	0	9	1	0
272563.8.peg.2803|3-hydroxybutyrate_dehydrogenase_(EC_1.1.1.30)	0	5	0	0
272563.8.peg.2804|D-beta-hydroxybutyrate_permease	0	4	0	0
272563.8.peg.2806|Pyruvate-flavodoxin_oxidoreductase	105	86	107	138
272563.8.peg.2816|Hypoxanthine-guanine_phosphoribosyltransferase_(EC_2.4.2.8)	6	1	0	13
272563.8.peg.2818|Proton/glutamate_symporter_@_Sodium/glutamate_symporter	17	25	32	11
272563.8.peg.2820|Aspartate--ammonia_ligase_(EC_6.3.1.1)	7	0	0	3
272563.8.peg.2821|Cystathionine_beta-lyase_(EC_4.4.1.8)	0	2	2	1
272563.8.peg.2829|Xanthine/uracil/thiamine/ascorbate_permease_family_protein	4	0	0	3
272563.8.peg.2830|S-adenosylhomocysteine_deaminase_(EC_3.5.4.28);_Methylthioadenosine_deaminase_(EC_3.5.4.31)	6	4	1	2
272563.8.peg.2833|Shikimate/quinate_5-dehydrogenase_I_beta_(EC_1.1.1.282)	0	0	0	0
272563.8.peg.2839|UDP-glucose_4-epimerase_(EC_5.1.3.2)	5	3	1	2
272563.8.peg.2840|UTP--glucose-1-phosphate_uridylyltransferase_(EC_2.7.7.9)	2	4	1	10
272563.8.peg.2852|1,2-diacylglycerol_3-glucosyltransferase_(EC_2.4.1.157);_diglucosyldiacylglycerol_synthase_(LTA_membrane_anchor_synthesis)	0	0	1	0
272563.8.peg.2853|Serine_hydroxymethyltransferase_(EC_2.1.2.1)	0	7	6	15
272563.8.peg.2860|Cystathionine_beta-lyase_(EC_4.4.1.8)	1	2	0	0
272563.8.peg.2861|Na+/H+_antiporter_NhaC	0	0	0	0
272563.8.peg.2862|N-acetylmuramoyl-L-alanine_amidase_(EC_3.5.1.28)	0	0	1	0
272563.8.peg.2865|Cytosine_permease	13	5	1	1
272563.8.peg.2866|Aspartyl-tRNA_synthetase_(EC_6.1.1.12)	9	8	5	40
272563.8.peg.2867|Histidyl-tRNA_synthetase_(EC_6.1.1.21)	3	6	3	4
272563.8.peg.2871|Guanosine-3',5'-bis(diphosphate)_3'-pyrophosphohydrolase_(EC_3.1.7.2)_/_GTP_pyrophosphokinase_(EC_2.7.6.5),_(p)ppGpp_synthetase_II	2	1	2	1
272563.8.peg.2872|Adenine_phosphoribosyltransferase_(EC_2.4.2.7)	3	3	5	3
272563.8.peg.2882|Phosphoenolpyruvate-protein_phosphotransferase_of_PTS_system_(EC_2.7.3.9)	23	11	8	22
272563.8.peg.2888|N-acetylmuramoyl-L-alanine_amidase_(EC_3.5.1.28)	2	3	6	2
272563.8.peg.2889|Undecaprenyl_diphosphate_synthase_(EC_2.5.1.31)	1	1	0	0
272563.8.peg.2898|UDP-glucose_6-dehydrogenase_(EC_1.1.1.22)	9	1	2	2
272563.8.peg.2899|Putative_N-acetylgalactosaminyl-diphosphoundecaprenol_glucuronosyltransferase	4	1	0	1
272563.8.peg.2901|Putative_N-acetylgalactosaminyl-diphosphoundecaprenol_glucuronosyltransferase	2	6	1	2
272563.8.peg.2906|Mannose-1-phosphate_guanylyltransferase_(EC_2.7.7.13)	5	3	0	1
272563.8.peg.2907|Phosphomannomutase_(EC_5.4.2.8)	4	2	1	1
272563.8.peg.2910|Undecaprenyl-phosphate_galactosephosphotransferase_(EC_2.7.8.6)	7	6	11	3
272563.8.peg.2911|N-acetylmuramoyl-L-alanine_amidase_(EC_3.5.1.28)	19	8	2	6
272563.8.peg.2913|N-acetylmuramoyl-L-alanine_amidase_(EC_3.5.1.28)	0	0	2	1
272563.8.peg.2916|N-acetylmuramoyl-L-alanine_amidase_(EC_3.5.1.28)	8	17	16	2
272563.8.peg.2918|N-acetylmuramoyl-L-alanine_amidase_(EC_3.5.1.28)	17	16	24	5
272563.8.peg.2921|N-acetylmuramoyl-L-alanine_amidase	1	1	1	1
272563.8.peg.2922|N-acetylmuramoyl-L-alanine_amidase	0	3	5	0
272563.8.peg.2923|N-acetylmuramoyl-L-alanine_amidase_(EC_3.5.1.28)	2	1	1	2
272563.8.peg.2926|N-acetylmuramoyl-L-alanine_amidase_(EC_3.5.1.28)	0	0	0	0
272563.8.peg.2940|2-hydroxy-3-oxopropionate_reductase_(EC_1.1.1.60)	0	0	0	0
272563.8.peg.294|1,3-propanediol_dehydrogenase_(EC_1.1.1.202)	0	2	2	0
272563.8.peg.2946|Dihydrofolate_reductase_(EC_1.5.1.3)	0	0	0	0
272563.8.peg.2955|Biosynthetic_Aromatic_amino_acid_aminotransferase_alpha_(EC_2.6.1.57)_@_Aspartate_aminotransferase_(EC_2.6.1.1)	0	3	6	0
272563.8.peg.295|Spore_photoproduct_lyase_(EC_4.1.99.14)	2	4	2	3
272563.8.peg.2961|Lead,_cadmium,_zinc_and_mercury_transporting_ATPase_(EC_3.6.3.3)_(EC_3.6.3.5);_Copper-translocating_P-type_ATPase_(EC_3.6.3.4)	0	2	5	2
272563.8.peg.2962|Serine_hydroxymethyltransferase_(EC_2.1.2.1)	0	0	0	0
272563.8.peg.2968|Seryl-tRNA_synthetase_(EC_6.1.1.11)	1	0	2	2
272563.8.peg.2977|Phosphonoacetaldehyde_hydrolase_(EC_3.11.1.1)_/_2-aminoethylphosphonate:pyruvate_aminotransferase_(EC_2.6.1.37)	1	0	0	0
272563.8.peg.2980|D-alanyl_transfer_protein_DltB	2	3	1	7
272563.8.peg.2981|D-alanine--poly(phosphoribitol)_ligase_subunit_1_(EC_6.1.1.13)	3	0	3	8
272563.8.peg.2983|Poly(glycerophosphate_chain)_D-alanine_transfer_protein_DltD	0	0	4	1
272563.8.peg.2988|N-acyl-D-amino-acid_deacylase_(EC_3.5.1.81)	0	1	0	0
272563.8.peg.2999|2-keto-3-deoxygluconate_permease_(KDG_permease)	0	10	0	0
272563.8.peg.3000|Altronate_dehydratase_(EC_4.2.1.7)	0	7	2	0
272563.8.peg.3001|Altronate_dehydratase_(EC_4.2.1.7)	0	15	2	0
272563.8.peg.3009|PTS_system,_cellobiose-specific_IIA_component_(EC_2.7.1.205)	4	4	3	1
272563.8.peg.3011|6-phospho-beta-glucosidase_(EC_3.2.1.86)	5	1	6	1
272563.8.peg.3012|PTS_system,_cellobiose-specific_IIC_component	1	1	4	0
272563.8.peg.3013|PTS_system,_cellobiose-specific_IIB_component_(EC_2.7.1.205)	0	0	3	1
272563.8.peg.3024|N-acetylmuramoyl-L-alanine_amidase_(EC_3.5.1.28)	0	0	0	0
272563.8.peg.304|PTS_system,_mannose-specific_IIA_component_(EC_2.7.1.191)	0	0	0	0
272563.8.peg.305|PTS_system,_mannose-specific_IIB_component_(EC_2.7.1.191)	0	0	0	0
272563.8.peg.307|PTS_system,_mannose-specific_IIB_component_(EC_2.7.1.191)	0	0	1	0
272563.8.peg.3083|Single-stranded_DNA-binding_protein	0	1	0	0
272563.8.peg.308|PTS_system,_mannose-specific_IIC_component	0	0	1	0
272563.8.peg.309|PTS_system,_mannose-specific_IID_component	1	0	0	0
272563.8.peg.3111|Acetaldehyde_dehydrogenase_(EC_1.2.1.10)_/_Alcohol_dehydrogenase_(EC_1.1.1.1)	126	2	148	18
272563.8.peg.3114|Long-chain-fatty-acid--CoA_ligase_(EC_6.2.1.3)	0	0	0	0
272563.8.peg.3115|3-ketoacyl-CoA_thiolase_(EC_2.3.1.16)_@_Acetyl-CoA_acetyltransferase_(EC_2.3.1.9)	0	0	0	0
272563.8.peg.3116|Substrate-specific_component_BioY_of_biotin_ECF_transporter	1	0	0	0
272563.8.peg.3130|Undecaprenyl-diphosphatase_(EC_3.6.1.27)	1	0	2	0
272563.8.peg.3134|ABC_transporter,_ATP-binding_protein_(cluster_1,_maltose/g3p/polyamine/iron);_ABC_transporter,_ATP-binding_protein_(cluster_10,_nitrate/sulfonate/bicarbonate)	0	0	0	0
272563.8.peg.3135|Alkanesulfonates_transport_system_permease_protein	0	0	0	0
272563.8.peg.3138|Ribonucleotide_reductase_of_class_Ib_(aerobic),_beta_subunit_(EC_1.17.4.1)	1	0	0	7
272563.8.peg.3139|Ribonucleotide_reductase_of_class_Ib_(aerobic),_alpha_subunit_(EC_1.17.4.1)	0	0	0	1
272563.8.peg.3146|Altronate_dehydratase_(EC_4.2.1.7)	17	7	4	23
272563.8.peg.3147|Altronate_dehydratase_(EC_4.2.1.7)	2	4	4	28
272563.8.peg.3148|2-keto-3-deoxygluconate_permease_(KDG_permease)	11	8	4	17
272563.8.peg.3150|Alcohol_dehydrogenase_(EC_1.1.1.1)	32	9	7	64
272563.8.peg.3153|Putative_Dihydrolipoamide_dehydrogenase_(EC_1.8.1.4);_Mercuric_ion_reductase_(EC_1.16.1.1);_PF00070_family,_FAD-dependent_NAD(P)-disulphide_oxidoreductase	3	2	2	0
272563.8.peg.3156|alpha-mannosidase_(EC_3.2.1.24)	0	1	3	0
272563.8.peg.3171|PTS_system,_glucose-specific_IIA_component_(EC_2.7.1.199)	0	1	0	0
272563.8.peg.3174|PTS_system,_maltose_and_glucose-specific_IIC_component_/_PTS_system,_maltose_and_glucose-specific_IIB_component_(EC_2.7.1.208)	0	0	0	0
272563.8.peg.3176|Cysteine_desulfurase_(EC_2.8.1.7)	0	13	0	0
272563.8.peg.3177|Thioredoxin	1	1	0	0
272563.8.peg.318|Biotin_synthase_(EC_2.8.1.6)	1	0	0	0
272563.8.peg.3192|PTS_system,_cellobiose-specific_IIC_component	0	3	0	0
272563.8.peg.3202|PTS_system,_glucose-specific_IIA_component_(EC_2.7.1.199)	0	2	2	0
272563.8.peg.3204|Maltose-6'-phosphate_glucosidase_(EC_3.2.1.122)	0	7	1	0
272563.8.peg.3208|Xylose_isomerase_(EC_5.3.1.5)	2	1	0	2
272563.8.peg.3209|Xylulose_kinase_(EC_2.7.1.17)	1	2	0	0
272563.8.peg.320|Ribokinase_(EC_2.7.1.15)	1	0	0	0
272563.8.peg.3218|Tagatose_1,6-bisphosphate_aldolase_(EC_4.1.2.40)	3	5	2	7
272563.8.peg.321|Ribose_ABC_transporter,_substrate-binding_protein_RbsB_(TC_3.A.1.2.1)	0	0	2	0
272563.8.peg.3223|6-phospho-beta-glucosidase_(EC_3.2.1.86)	0	0	0	0
272563.8.peg.3224|PTS_system,_cellobiose-specific_IIA_component_(EC_2.7.1.205)	1	0	0	0
272563.8.peg.3225|PTS_system,_cellobiose-specific_IIC_component	0	0	0	0
272563.8.peg.3226|PTS_system,_cellobiose-specific_IIB_component_(EC_2.7.1.205)	0	0	0	0
272563.8.peg.3228|Glycerate_kinase_(EC_2.7.1.31)	0	0	2	1
272563.8.peg.3229|Mannosylglycerate_hydrolase_(EC_3.2.1.170)	1	2	0	0
272563.8.peg.322|Ribose_ABC_transporter,_ATP-binding_protein_RbsA_(TC_3.A.1.2.1)	1	0	2	0
272563.8.peg.3235|Trehalose-6-phosphate_hydrolase_(EC_3.2.1.93)	62	85	74	15
272563.8.peg.3239|6-phospho-beta-glucosidase_(EC_3.2.1.86)	0	4	1	0
272563.8.peg.323|Ribose_ABC_transporter,_permease_protein_RbsC_(TC_3.A.1.2.1)	0	0	1	0
272563.8.peg.3240|6-phospho-beta-glucosidase_(EC_3.2.1.86)	0	3	1	0
272563.8.peg.3241|PTS_system,_beta-glucoside-specific_IIB_component_/_PTS_system,_beta-glucoside-specific_IIC_component_/_PTS_system,_beta-glucoside-specific_IIA_component	0	4	0	0
272563.8.peg.3244|Arginine/ornithine_antiporter_ArcD	3	2	0	2
272563.8.peg.3245|PTS_system,_N-acetylglucosamine-specific_IIA_component_(EC_2.7.1.193)_/_PTS_system,_N-acetylglucosamine-specific_IIB_component_(EC_2.7.1.193)_/_PTS_system,_N-acetylglucosamine-specific_IIC_component	0	0	0	0
272563.8.peg.3247|PTS_system,_glucose-specific_IIA_component_(EC_2.7.1.199)	0	1	0	0
272563.8.peg.3249|Alcohol_dehydrogenase_(EC_1.1.1.1)	0	0	0	1
272563.8.peg.3250|Transaldolase_(EC_2.2.1.2)	0	0	0	0
272563.8.peg.3253|Ribulose-phosphate_3-epimerase_(EC_5.1.3.1)	0	1	0	0
272563.8.peg.3259|6-phospho-beta-glucosidase_(EC_3.2.1.86)	1	0	1	0
272563.8.peg.3260|PTS_system,_beta-glucoside-specific_IIB_component_/_PTS_system,_beta-glucoside-specific_IIC_component_/_PTS_system,_beta-glucoside-specific_IIA_component	0	1	0	0
272563.8.peg.3269|6-phospho-beta-glucosidase_(EC_3.2.1.86)	0	1	0	0
272563.8.peg.3270|PTS_system,_beta-glucoside-specific_IIB_component_/_PTS_system,_beta-glucoside-specific_IIC_component_/_PTS_system,_beta-glucoside-specific_IIA_component	0	0	0	0
272563.8.peg.3272|PTS_system,_trehalose-specific_IIB_component_(EC_2.7.1.201)_/_PTS_system,_trehalose-specific_IIC_component	0	0	0	0
272563.8.peg.3273|Beta-phosphoglucomutase_(EC_5.4.2.6)	0	0	0	0
272563.8.peg.3275|6-phospho-beta-glucosidase_(EC_3.2.1.86)	0	0	1	0
272563.8.peg.3279|PTS_system,_fructose-specific_IIA_component_(EC_2.7.1.202)_/_PTS_system,_fructose-specific_IIB_component_(EC_2.7.1.202)_/_PTS_system,_fructose-specific_IIC_component	2	9	9	0
272563.8.peg.3281|6-phospho-beta-glucosidase_(EC_3.2.1.86)	0	1	0	2
272563.8.peg.3282|PTS_system,_beta-glucoside-specific_IIB_component_/_PTS_system,_beta-glucoside-specific_IIC_component_/_PTS_system,_beta-glucoside-specific_IIA_component	0	0	1	1
272563.8.peg.330|Phosphoserine_phosphatase_(EC_3.1.3.3)	3	11	3	2
272563.8.peg.3321|Enolase_(EC_4.2.1.11)	83	23	31	695
272563.8.peg.3322|2,3-bisphosphoglycerate-independent_phosphoglycerate_mutase_(EC_5.4.2.12)	53	14	8	9
272563.8.peg.3323|Triosephosphate_isomerase_(EC_5.3.1.1)	41	14	10	13
272563.8.peg.3324|Phosphoglycerate_kinase_(EC_2.7.2.3)	39	10	4	37
272563.8.peg.3325|NAD-dependent_glyceraldehyde-3-phosphate_dehydrogenase_(EC_1.2.1.12)	80	24	15	212
272563.8.peg.3328|Xanthine_dehydrogenase_iron-sulfur_subunit_(EC_1.17.1.4)_/_Xanthine_dehydrogenase,_molybdenum_binding_subunit_(EC_1.17.1.4)	0	1	0	0
272563.8.peg.3329|Dihydropyrimidinase_(EC_3.5.2.2)_@_D-hydantoinase_(EC_3.5.2.2)	1	2	1	0
272563.8.peg.3332|Guanine_deaminase_(EC_3.5.4.3)	2	2	1	0
272563.8.peg.3333|N-acyl-D-amino-acid_deacylase_(EC_3.5.1.81)	1	2	0	1
272563.8.peg.3343|N-acetylmuramoyl-L-alanine_amidase_(EC_3.5.1.28)	2	4	4	1
272563.8.peg.3375|L-serine_dehydratase,_beta_subunit_(EC_4.3.1.17)_/_L-serine_dehydratase,_alpha_subunit_(EC_4.3.1.17)	2	4	3	1
272563.8.peg.3377|Aspartate-semialdehyde_dehydrogenase_(EC_1.2.1.11)	8	6	2	3
272563.8.peg.3380|2,3,4,5-tetrahydropyridine-2,6-dicarboxylate_N-acetyltransferase_(EC_2.3.1.89)	17	14	12	26
272563.8.peg.3384|Hypoxanthine-guanine_phosphoribosyltransferase_(EC_2.4.2.8)	1	0	1	4
272563.8.peg.3388|Single-stranded_DNA-binding_protein	2	11	10	3
272563.8.peg.3390|Proline_racemase_(EC_5.1.1.4)	66	91	58	38
272563.8.peg.3392|D-proline_reductase,_45_kDa_subunit_(EC_1.21.4.1)_/_D-proline_reductase,_23_kDa_subunit_(EC_1.21.4.1)	89	109	46	10
272563.8.peg.3393|D-proline_reductase,_45_kDa_subunit_(EC_1.21.4.1)_/_D-proline_reductase,_23_kDa_subunit_(EC_1.21.4.1)	124	157	70	14
272563.8.peg.3394|D-proline_reductase,_26_kDa_subunit_(EC_1.21.4.1)_@_selenocysteine-containing	182	274	112	294
272563.8.peg.3396|D-proline_reductase,_45_kDa_subunit_(EC_1.21.4.1)_/_D-proline_reductase,_23_kDa_subunit_(EC_1.21.4.1)	125	176	69	62
272563.8.peg.3406|Dihydrofolate_synthase_(EC_6.3.2.12)_@_Folylpolyglutamate_synthase_(EC_6.3.2.17)	4	3	1	2
272563.8.peg.3409|Valyl-tRNA_synthetase_(EC_6.1.1.9)	15	6	4	13
272563.8.peg.3414|Phosphate_ABC_transporter,_ATP-binding_protein_PstB_(TC_3.A.1.7.1)	0	1	0	1
272563.8.peg.3415|Phosphate_ABC_transporter,_permease_protein_PstA_(TC_3.A.1.7.1)	0	0	0	0
272563.8.peg.3416|Phosphate_ABC_transporter,_permease_protein_PstC_(TC_3.A.1.7.1)	0	0	0	0
272563.8.peg.3421|Phosphate_ABC_transporter,_substrate-binding_protein_PstS_(TC_3.A.1.7.1)	2	1	1	1
272563.8.peg.3425|Heptaprenyl_diphosphate_synthase_component_I_(EC_2.5.1.30)	2	1	1	1
272563.8.peg.3427|FeoB-like_protein	3	4	6	1
272563.8.peg.3429|PTS_system,_mannose-specific_IID_component	0	4	0	0
272563.8.peg.3430|PTS_system,_mannose-specific_IIC_component	0	3	0	0
272563.8.peg.3431|PTS_system,_mannose-specific_IIA_component_(EC_2.7.1.191)	0	0	1	0
272563.8.peg.3432|PTS_system,_mannose-specific_IIB_component_(EC_2.7.1.191)	0	1	0	0
272563.8.peg.3434|Pyrroline-5-carboxylate_reductase_(EC_1.5.1.2)	13	12	3	8
272563.8.peg.3435|Pyruvate_formate-lyase_(EC_2.3.1.54)	55	31	41	28
272563.8.peg.3436|Pyruvate_formate-lyase_activating_enzyme_(EC_1.97.1.4)	30	13	10	2
272563.8.peg.3438|Glucose-6-phosphate_isomerase_(EC_5.3.1.9)	15	9	14	6
272563.8.peg.3439|Sodium-dependent_phosphate_transporter	7	5	1	4
272563.8.peg.3464|D-3-phosphoglycerate_dehydrogenase_(EC_1.1.1.95)	3	2	2	1
272563.8.peg.3472|Formate_dehydrogenase_H_(EC_1.2.1.2)_@_selenocysteine-containing	7	7	10	1
272563.8.peg.348|ATP-dependent_DNA_helicase_UvrD/PcrA_(EC_3.6.4.12)	3	5	3	4
272563.8.peg.3510|Transcriptional_regulator,_GntR_family_domain_/_Aspartate_aminotransferase_(EC_2.6.1.1)	0	0	1	0
272563.8.peg.353|Manganese-dependent_inorganic_pyrophosphatase_(EC_3.6.1.1)	12	11	15	5
272563.8.peg.354|Acetaldehyde_dehydrogenase_(EC_1.2.1.10)_/_Alcohol_dehydrogenase_(EC_1.1.1.1)	0	15	1	1
272563.8.peg.3557|Pyruvate_kinase_(EC_2.7.1.40)_/_Phosphohistidine_swiveling_domain	35	9	3	47
272563.8.peg.3558|6-phosphofructokinase_(EC_2.7.1.11)	10	4	0	7
272563.8.peg.3559|DNA_polymerase_III_alpha_subunit_(EC_2.7.7.7)	3	1	5	1
272563.8.peg.3565|UDP-N-acetylenolpyruvoylglucosamine_reductase_(EC_1.3.1.98)	4	6	2	1
272563.8.peg.3578|Glycerol-3-phosphate_ABC_transporter,_permease_protein_UgpE_(TC_3.A.1.1.3)	0	0	0	0
272563.8.peg.3580|Maltose/maltodextrin_transport_ATP-binding_protein_MalK_(EC_3.6.3.19);_Maltodextrin_ABC_transporter,_ATP-binding_protein_MsmX	0	0	0	0
272563.8.peg.3582|Porphobilinogen_synthase_(EC_4.2.1.24)	5	13	6	14
272563.8.peg.3583|Uroporphyrinogen-III_methyltransferase_(EC_2.1.1.107)_/_Uroporphyrinogen-III_synthase_(EC_4.2.1.75)	2	8	0	3
272563.8.peg.3584|Porphobilinogen_deaminase_(EC_2.5.1.61)	2	1	2	1
272563.8.peg.3585|Sirohydrochlorin_cobaltochelatase_CbiK_(EC_4.99.1.3)_@_Sirohydrochlorin_ferrochelatase_activity_of_CbiK_(EC_4.99.1.4)_/_Cobalt-precorrin-2_C(20)-methyltransferase_(EC_2.1.1.151)	4	4	2	2
272563.8.peg.3588|Cobalt-precorrin_5A_hydrolase_(EC_3.7.1.12)	4	3	3	1
272563.8.peg.3591|Cobalt-precorrin-7_(C5)-methyltransferase_(EC_2.1.1.289)	2	3	1	1
272563.8.peg.3595|L-threonine_3-O-phosphate_decarboxylase_(EC_4.1.1.81)	1	1	0	1
272563.8.peg.3596|Adenosylcobinamide-phosphate_synthase_(EC_6.3.1.10)	1	1	1	0
272563.8.peg.3598|Cobyric_acid_synthase_(EC_6.3.5.10)	2	3	3	1
272563.8.peg.3600|Cobalamin_synthase_(EC_2.7.8.26)	7	2	3	1
272563.8.peg.3601|Adenosylcobinamide_kinase_(EC_2.7.1.156)_/_Adenosylcobinamide-phosphate_guanylyltransferase_(EC_2.7.7.62)	5	8	3	2
272563.8.peg.3602|Nicotinate-nucleotide--dimethylbenzimidazole_phosphoribosyltransferase_(EC_2.4.2.21)	11	3	8	1
272563.8.peg.3606|Aspartate_aminotransferase_(EC_2.6.1.1)	6	2	5	0
272563.8.peg.3613|Tagatose_1,6-bisphosphate_aldolase_(EC_4.1.2.40)	2	8	2	1
272563.8.peg.3616|Tagatose-6-phosphate_kinase_(EC_2.7.1.144)	1	1	0	0
272563.8.peg.3621|5-formyltetrahydrofolate_cyclo-ligase_(EC_6.3.3.2)	0	4	2	0
272563.8.peg.3624|Transketolase,_C-terminal_section_(EC_2.2.1.1)	4	4	6	5
272563.8.peg.3625|Transketolase,_N-terminal_section_(EC_2.2.1.1)	4	6	2	6
272563.8.peg.3628|Alanine_racemase_(EC_5.1.1.1)	6	33	28	3
272563.8.peg.3632|ATP_synthase_epsilon_chain_(EC_3.6.3.14)	14	4	8	4
272563.8.peg.3633|ATP_synthase_beta_chain_(EC_3.6.3.14)	42	24	10	36
272563.8.peg.3634|ATP_synthase_gamma_chain_(EC_3.6.3.14)	40	10	8	6
272563.8.peg.3635|ATP_synthase_alpha_chain_(EC_3.6.3.14)	34	12	8	9
272563.8.peg.3636|ATP_synthase_delta_chain_(EC_3.6.3.14)	13	9	5	3
272563.8.peg.3640|ATP_synthase_protein_I	8	6	5	1
272563.8.peg.3641|ATP_synthase_protein_I	4	3	2	1
272563.8.peg.3642|dCMP_deaminase_(EC_3.5.4.12)_@_Late_competence_protein_ComEB	5	3	2	1
272563.8.peg.3645|Uracil_phosphoribosyltransferase_(EC_2.4.2.9)	10	5	6	6
272563.8.peg.3656|UTP--glucose-1-phosphate_uridylyltransferase_(EC_2.7.7.9)	3	0	7	1
272563.8.peg.365|GTP_pyrophosphokinase_(EC_2.7.6.5)	5	4	2	7
272563.8.peg.3664|DNA-binding_protein_HBsu	39	28	26	45
272563.8.peg.3682|Ribose-phosphate_pyrophosphokinase_(EC_2.7.6.1)	26	16	13	237
272563.8.peg.3683|N-acetylglucosamine-1-phosphate_uridyltransferase_(EC_2.7.7.23)_/_Glucosamine-1-phosphate_N-acetyltransferase_(EC_2.3.1.157)	3	8	3	1
272563.8.peg.3708|Methionyl-tRNA_synthetase_(EC_6.1.1.10)	6	4	5	26
272563.8.peg.3711|Nicotinate_phosphoribosyltransferase_(EC_6.3.4.21)	7	6	4	1
272563.8.peg.3717|DNA_polymerase_III_delta_prime_subunit_(EC_2.7.7.7)	2	3	3	1
272563.8.peg.3718|Thymidylate_kinase_(EC_2.7.4.9)	0	0	2	0
272563.8.peg.3722|Lysyl-tRNA_synthetase_(class_II)_(EC_6.1.1.6)	25	17	16	65
272563.8.peg.3725|Pantothenate_kinase_type_III,_CoaX-like_(EC_2.7.1.33)	5	5	6	6
272563.8.peg.3728|Biotin_operon_repressor_/_Biotin--protein_ligase_(EC_6.3.4.9)(EC_6.3.4.10)(EC_6.3.4.11)(EC_6.3.4.15)	0	0	0	0
272563.8.peg.3730|tRNA(Ile)-lysidine_synthetase_(EC_6.3.4.19)	7	7	5	3
272563.8.peg.3732|Glutamate_racemase_(EC_5.1.1.3)	2	1	0	5
272563.8.peg.3736|4-diphosphocytidyl-2-C-methyl-D-erythritol_kinase_(EC_2.7.1.148)	0	3	2	2
272563.8.peg.3759|Carbamoyl-phosphate_synthase_large_chain_(EC_6.3.5.5)	3	2	4	11
272563.8.peg.3760|Carbamoyl-phosphate_synthase_small_chain_(EC_6.3.5.5)	2	2	1	3
272563.8.peg.3761|Carbamoyl-phosphate_synthase_large_chain_(EC_6.3.5.5)	2	2	2	8
272563.8.peg.3762|Carbamoyl-phosphate_synthase_small_chain_(EC_6.3.5.5)	2	0	1	1
272563.8.peg.3763|Orotidine_5'-phosphate_decarboxylase_(EC_4.1.1.23)	1	2	0	1
272563.8.peg.3768|5-methyltetrahydrofolate--homocysteine_methyltransferase_(EC_2.1.1.13)	2	1	0	1
272563.8.peg.3769|Methionine_synthase_activation_domain_(EC_2.1.1.13)	2	2	3	0
272563.8.peg.3770|S-ribosylhomocysteine_lyase_(EC_4.4.1.21)_@_Autoinducer-2_production_protein_LuxS	5	6	2	1
272563.8.peg.3777|Phosphoglycolate_phosphatase_(EC_3.1.3.18)	0	1	0	0
272563.8.peg.3799|4-hydroxy-2-oxoglutarate_aldolase_(EC_4.1.3.16)_@_2-dehydro-3-deoxyphosphogluconate_aldolase_(EC_4.1.2.14)	1	10	4	0
272563.8.peg.3804|Putative_transcriptional_antiterminator,_BglG_family_/_PTS_system,_IIA_component	3	7	8	0
272563.8.peg.3805|Isochorismatase_(EC_3.3.2.1)	0	0	0	0
272563.8.peg.3820|PTS_system,_cellobiose-specific_IIC_component	0	0	0	0
272563.8.peg.3822|PTS_system,_cellobiose-specific_IIA_component_(EC_2.7.1.205)	0	2	0	1
272563.8.peg.3823|PTS_system,_cellobiose-specific_IIB_component_(EC_2.7.1.205)	0	3	1	0
272563.8.peg.3825|PTS_system,_cellobiose-specific_IIC_component	4	1	1	0
272563.8.peg.3830|Adenylosuccinate_synthetase_(EC_6.3.4.4)	10	4	1	29
272563.8.peg.3838|Single-stranded_DNA-binding_protein	70	60	25	69
272563.8.peg.3846|Cysteine_desulfurase_(EC_2.8.1.7)	6	5	9	2
272563.8.peg.3857|Ribonuclease_P_protein_component_(EC_3.1.26.5)	13	9	3	15
272563.8.peg.408|PTS_system,_beta-glucoside-specific_IIB_component_/_PTS_system,_beta-glucoside-specific_IIC_component_/_PTS_system,_beta-glucoside-specific_IIA_component	3	13	4	1
272563.8.peg.409|6-phospho-beta-glucosidase_(EC_3.2.1.86)	2	13	3	0
272563.8.peg.411|Asparagine_synthetase	0	0	0	0
272563.8.peg.414|D-lactate_dehydrogenase_(EC_1.1.1.28)	25	4	40	3
272563.8.peg.423|Fructose-bisphosphate_aldolase_class_II_(EC_4.1.2.13)	54	64	52	12
272563.8.peg.425|SSU_rRNA_pseudouridine(516)_synthase_(EC_5.4.99.19)	0	3	0	2
272563.8.peg.42|Xylan_1,4-beta-xylosidase_(EC_3.2.1.37)	0	0	1	0
272563.8.peg.43|Xyloside_transporter_XynT	0	0	0	0
272563.8.peg.45|Acetoin_dehydrogenase_E1_component_alpha-subunit_(EC_2.3.1.190)	0	1	0	0
272563.8.peg.466|2,4-diaminopentanoate_dehydrogenase_(EC_1.4.1.12)	0	0	0	0
272563.8.peg.46|Acetoin_dehydrogenase_E1_component_beta-subunit_(EC_2.3.1.190)	1	3	0	0
272563.8.peg.472|Ornithine_racemase_(EC_5.1.1.12)	0	1	1	0
272563.8.peg.473|Na+/H+_antiporter_NhaC	0	1	1	0
272563.8.peg.476|ADP-ribose_pyrophosphatase	10	2	3	0
272563.8.peg.47|Dihydrolipoamide_acetyltransferase_component_(E2)_of_acetoin_dehydrogenase_complex_(EC_2.3.1.12)	0	1	0	0
272563.8.peg.48|Dihydrolipoamide_dehydrogenase_of_acetoin_dehydrogenase_(EC_1.8.1.4)	0	3	1	0
272563.8.peg.493|PTS_system,_sucrose-specific_IIB_component_(EC_2.7.1.211)_/_PTS_system,_sucrose-specific_IIC_component_/_PTS_system,_sucrose-specific_IIA_component_(EC_2.7.1.211)	0	0	0	0
272563.8.peg.50|PTS_system,_galactitol-specific_IIA_component_(EC_2.7.1.200)	0	1	0	0
272563.8.peg.513|Phosphoribosylaminoimidazole-succinocarboxamide_synthase_(EC_6.3.2.6)	6	8	6	2
272563.8.peg.514|Galactitol-1-phosphate_5-dehydrogenase_(EC_1.1.1.251)	0	4	4	0
272563.8.peg.515|PTS_system,_mannose-specific_IIA_component_(EC_2.7.1.191)	1	5	8	0
272563.8.peg.516|PTS_system,_mannose-specific_IIB_component_(EC_2.7.1.191)	0	7	7	0
272563.8.peg.517|PTS_system,_mannose-specific_IIC_component	0	5	3	0
272563.8.peg.518|PTS_system,_mannose-specific_IID_component	1	8	15	0
272563.8.peg.51|PTS_system,_galactitol-specific_IIB_component_(EC_2.7.1.200)	2	0	2	0
272563.8.peg.52|PTS_system,_galactitol-specific_IIC_component	0	0	0	0
272563.8.peg.55|Lipoate-protein_ligase_A	0	2	1	0
272563.8.peg.56|2-C-methyl-D-erythritol_4-phosphate_cytidylyltransferase_(EC_2.7.7.60)	0	2	0	0
272563.8.peg.570|Ornithine_cyclodeaminase_(EC_4.3.1.12)	4	5	4	1
272563.8.peg.57|2-C-methyl-D-erythritol_2,4-cyclodiphosphate_synthase_(EC_4.6.1.12)	1	2	1	1
272563.8.peg.585|Glutaminase_(EC_3.5.1.2)	3	5	4	0
272563.8.peg.601|Threonyl-tRNA_synthetase_(EC_6.1.1.3)	6	12	6	28
272563.8.peg.60|Glutamyl-tRNA_synthetase_(EC_6.1.1.17)	5	4	0	5
272563.8.peg.610|Phosphoenolpyruvate_synthase_(EC_2.7.9.2)	0	2	1	0
272563.8.peg.618|Lysophospholipase_(EC_3.1.1.5);_Monoglyceride_lipase_(EC_3.1.1.23)	2	1	0	0
272563.8.peg.620|Lead,_cadmium,_zinc_and_mercury_transporting_ATPase_(EC_3.6.3.3)_(EC_3.6.3.5);_Copper-translocating_P-type_ATPase_(EC_3.6.3.4)	1	1	0	0
272563.8.peg.62|Cysteinyl-tRNA_synthetase_(EC_6.1.1.16)	8	12	18	13
272563.8.peg.636|Chloride_channel_protein	0	0	0	0
272563.8.peg.724|2',3'-cyclic-nucleotide_2'-phosphodiesterase_(EC_3.1.4.16)	0	0	3	0
272563.8.peg.725|2',3'-cyclic-nucleotide_2'-phosphodiesterase_(EC_3.1.4.16)	0	0	1	0
272563.8.peg.734|Phenylalanyl-tRNA_synthetase_alpha_chain_(EC_6.1.1.20)	5	4	3	4
272563.8.peg.735|Phenylalanyl-tRNA_synthetase_beta_chain_(EC_6.1.1.20)	10	10	3	6
272563.8.peg.746|Arginyl-tRNA_synthetase_(EC_6.1.1.19)	6	4	4	4
272563.8.peg.755|Formate--tetrahydrofolate_ligase_(EC_6.3.4.3)	12	24	48	16
272563.8.peg.756|Formiminotetrahydrofolate_cyclodeaminase_(EC_4.3.1.4)	5	7	9	4
272563.8.peg.757|Methenyltetrahydrofolate_cyclohydrolase_(EC_3.5.4.9)_/_Methylenetetrahydrofolate_dehydrogenase_(NADP+)_(EC_1.5.1.5)	4	7	13	2
272563.8.peg.759|5,10-methylenetetrahydrofolate_reductase_(EC_1.5.1.20)	3	4	8	8
272563.8.peg.760|Dihydrolipoamide_dehydrogenase_(EC_1.8.1.4)	6	5	16	1
272563.8.peg.766|Glycine_cleavage_system_H_protein	18	31	40	9
272563.8.peg.770|Lipoate-protein_ligase_A	2	2	5	0
272563.8.peg.774|Histidinol-phosphatase_(EC_3.1.3.15)	2	2	3	2
272563.8.peg.778|Glycerol_kinase_(EC_2.7.1.30)	0	0	0	0
272563.8.peg.77|DNA-directed_RNA_polymerase_beta_subunit_(EC_2.7.7.6)	28	25	12	196
272563.8.peg.78|DNA-directed_RNA_polymerase_beta'_subunit_(EC_2.7.7.6)	37	29	17	213
272563.8.peg.795|Pyruvate_formate-lyase_activating_enzyme_(EC_1.97.1.4)	0	0	0	1
272563.8.peg.796|Pyruvate_formate-lyase_(EC_2.3.1.54)	4	0	1	90
272563.8.peg.801|PTS_system,_glucitol/sorbitol-specific_IIC_component	0	0	10	0
272563.8.peg.804|PTS_system,_glucitol/sorbitol-specific_IIA_component_(EC_2.7.1.198)	1	0	4	0
272563.8.peg.805|Sorbitol-6-phosphate_2-dehydrogenase_(EC_1.1.1.140)	1	1	10	0
272563.8.peg.818|Multimodular_transpeptidase-transglycosylase_(EC_2.4.1.129)_(EC_3.4.-.-)	4	4	5	2
272563.8.peg.821|N-acetylmuramoyl-L-alanine_amidase_(EC_3.5.1.28)	0	7	6	1
272563.8.peg.831|NAD_synthetase_(EC_6.3.1.5)	7	6	5	1
272563.8.peg.837|3-hydroxybutyryl-CoA_dehydratase_(EC_4.2.1.55)	0	0	1	0
272563.8.peg.838|D-beta-hydroxybutyrate_permease	0	1	3	0
272563.8.peg.854|PTS_system,_beta-glucoside-specific_IIB_component_/_PTS_system,_beta-glucoside-specific_IIC_component_/_PTS_system,_beta-glucoside-specific_IIA_component	4	1	0	1
272563.8.peg.856|6-phospho-beta-glucosidase_(EC_3.2.1.86)	4	6	1	1
272563.8.peg.866|Glutamate_synthase	2	5	6	0
272563.8.peg.871|Aconitate_hydratase_(EC_4.2.1.3)	0	0	1	0
272563.8.peg.872|Isocitrate_dehydrogenase	2	0	2	0
272563.8.peg.879|Phosphoribosylaminoimidazolecarboxamide_formyltransferase_(EC_2.1.2.3)	4	10	13	0
272563.8.peg.893|Oligopeptide_ABC_transporter,_substrate-binding_protein_OppA_(TC_3.A.1.5.1)	27	60	90	7
272563.8.peg.894|Oligopeptide_ABC_transporter,_ATP-binding_protein_OppD_(TC_3.A.1.5.1)	33	44	64	4
272563.8.peg.895|Oligopeptide_ABC_transporter,_ATP-binding_protein_OppF_(TC_3.A.1.5.1)	11	26	21	4
272563.8.peg.896|Oligopeptide_ABC_transporter,_ATP-binding_protein_OppF_(TC_3.A.1.5.1)	31	50	55	3
272563.8.peg.901|PTS_system,_cellobiose-specific_IIC_component	0	0	0	0
272563.8.peg.902|PTS_system,_cellobiose-specific_IIA_component_(EC_2.7.1.205)	0	0	0	0
272563.8.peg.903|Maltose-6'-phosphate_glucosidase_(EC_3.2.1.122)	1	0	0	0
272563.8.peg.907|Predicted_molybdate-responsive_regulator_YvgK_in_bacilli	4	1	1	1
272563.8.peg.911|Maltose_O-acetyltransferase_(EC_2.3.1.79)	1	1	1	0
272563.8.peg.921|Glucose-1-phosphate_adenylyltransferase_(EC_2.7.7.27)	2	4	21	0
272563.8.peg.922|Glycogen_biosynthesis_protein_GlgD,_glucose-1-phosphate_adenylyltransferase_family	3	8	25	0
272563.8.peg.923|Glycogen_synthase,_ADP-glucose_transglucosylase_(EC_2.4.1.21)	4	10	35	2
272563.8.peg.924|Glycogen_phosphorylase_(EC_2.4.1.1)	6	12	18	1
272563.8.peg.927|Arginine_decarboxylase_(EC_4.1.1.19)	0	0	0	0
272563.8.peg.928|S-adenosylmethionine_decarboxylase_proenzyme_(EC_4.1.1.50),_prokaryotic_class_1B	0	0	0	2
272563.8.peg.929|Spermidine_synthase_(EC_2.5.1.16)	0	1	0	1
272563.8.peg.930|Agmatinase_(EC_3.5.3.11)	0	0	1	1
272563.8.peg.9|Chromosomal_replication_initiator_protein_DnaA	11	6	5	2
CD630_00450|sugar-phosphate_aldolase	0	0	1	0
CD630_01120|phosphate_butyryltransferase	2	9	17	2
CD630_01530|4-hydroxyphenylacetate_decarboxylase_large_subunit	1	2	2	0
CD630_01540|4-hydroxyphenylacetate_decarboxylase_small_subunit	2	5	0	1
CD630_01550|4-hydroxyphenylacetate_decarboxylase_activating_enzyme	0	10	3	0
CD630_01790|gluD_NAD-specific_glutamate_dehydrogenase_	27	63	85	4
CD630_02440|CDP-glycerol:poly(glycerophosphate)_glycerophosphotransferase	7	7	3	4
CD630_03940|D-lactate_dehydrogenase	20	11	44	3
CD630_03950|isocaprenoyl-CoA:2-hydroxyisocaproate_CoA-transferase	44	23	83	7
CD630_03960|2-hydroxyisocaproyl-CoA_dehydratase_activator	56	27	71	5
CD630_03970|oxygen-sensitive_2-hydroxyisocaproyl-CoA_dehydratase_subunit_B	54	29	92	32
CD630_03980|oxygen-sensitive_2-hydroxyisocaproyl-CoA_dehydratase_subunit_C	79	42	96	29
CD630_06820|sodium:solute_symporter	0	0	1	0
CD630_07500|ABC-type_transport_system,_aminoacid-family_extracellular_solute-binding_protein	1	2	0	0
CD630_08730|sugar_family_ABC_transporter_substrate-binding_protein	26	0	1	28
CD630_08760|sugar_family_ABC_transporter_substrate-binding_protein	1	1	0	1
CD630_10030|fumA_fumarate_hydratase_subunit_A	0	1	2	1
CD630_10040|fumB_fumarate_hydratase_subunit_B	1	0	1	0
CD630_10100|N-acetylglucosamine-6-phosphate_deacetylase	3	2	4	0
CD630_10540|butyryl-CoA_dehydrogenase	40	46	89	10
CD630_12250|pdp_pyrimidine-nucleoside_phosphorylase	1	0	2	0
CD630_12590|branched_chain_amino_acid_transport_system_carrier_protein	0	57	22	0
CD630_14930|3-methyladenine_DNA_glycosylase	4	2	2	0
CD630_17760|amino_acid_family_ABC_transporter_ATP-binding_protein	4	2	2	0
CD630_21960|succinyl-CoA_synthetase-like_ATP-binding_protein	0	1	0	0
CD630_21990|ferredoxin/flavodoxin_oxidoreductase_subunit_alpha	0	1	0	1
CD630_21991|4Fe-4S_ferredoxin	0	0	0	0
CD630_22770|class_II_aldolase_	0	2	1	0
CD630_23390|4-hydroxybutyrate_CoA-transferase	1	23	20	0
CD630_23410|gamma-aminobutyrate_metabolism_dehydratase/isomerase	6	19	15	0
CD630_23420|succinate-semialdehyde_dehydrogenase	10	28	14	0
CD630_23540|glycine_reductase_complex_component_B_subunits_alpha_and_beta	75	97	104	33
CD630_23710|nadB_L-aspartate_oxidase	2	0	1	0
CD630_23800|indolepyruvate_oxidoreductase_subunit_IorB	7	42	27	9
CD630_24170|PTS_system_glucitol/sorbitol-specific_transporter_subunit_IIB	0	0	1	0
CD630_24180|PTS_system_glucitol/sorbitol-specific_transporter_subunit_IIC	0	0	0	0
CD630_25690|alpha-mannosidase	0	1	2	0
CD630_26510|UDP-N-acetylglucosamine-N-acetylmuramyl-(pentapeptide)_pyrophosphoryl-undecaprenol_N-_acetylglucosamine_transferase	6	12	5	3
CD630_26550|UDP-N-acetylmuramoyl-tripeptide--D-alanyl-D-alanine_ligase	2	2	2	2
CD630_30130|PTS_system_mannose-specfic_transporter_subunit_IIC	0	0	6	0
CD630_30140|PTS_system_mannose-specfic_transporter_subunit_IIB	0	0	1	0
CD630_30150|PTS_system_mannose-specfic_transporter_subunit_IIA	0	0	4	0
CD630_32370_1|proline_racemase	66	80	36	41
CD630_32370_2|proline_racemase	61	77	47	41
CD630_32440|D-proline_reductase_PrdA	143	162	65	69
CD630_35150|bifunctional_N-acetylglucosamine-1-phosphate_uridyltransferase/glucosamine-1-phosphate_acetyltransferase	5	6	5	1
K00529|phenylpropionate_dioxygenase	0	11	0	0
T4BV06_CLODI|Branched-chain_amino_acid_aminotransferase	0	0	0	0
